Dataset,Task,Seed,Extractor,Selector,Model,is_cached,fallback_triggered,Extraction Time (s),Extraction Peak RAM (MB),Extraction Peak RAM Increase (MB),Extraction Avg CPU (%),Extraction Peak CPU (%),Extraction Peak GPU (%),Extraction Peak GPU RAM (MB),Selection Time (s),fit_time_seconds,inference_latency_ms,Fit Time (s),Inference Latency (ms),Prediction Time (s),N Extracted Features,N Selected Features,Feature Reduction (%),Selection Stability (Jaccard),Total Time (s),RMSE,MAE,R2
pred-maintenance-w100-reg,regression,42,numba_efficient,None,random_forest,True,False,,,,,,,,0.0,0.4906,0.3808,0.4906,0.3808,0.0152,882,882.0,0.0,1.0,,7.2401,5.347,0.9863
pred-maintenance-w100-reg,regression,42,numba_efficient,None,ridge,True,False,,,,,,,,0.0,0.007,0.0598,0.007,0.0598,0.0024,882,882.0,0.0,1.0,,26.2707,20.8659,0.8286
pred-maintenance-w100-reg,regression,42,numba_efficient,select_k_best_anova,random_forest,True,False,,,,,,,,0.0145,0.0609,0.3598,0.0609,0.3598,0.0143,882,25.0,97.17,0.939,,5.8895,4.4573,0.9909
pred-maintenance-w100-reg,regression,42,numba_efficient,select_k_best_anova,ridge,True,False,,,,,,,,0.0147,0.0019,0.0139,0.0019,0.0139,0.0006,882,25.0,97.17,0.939,,4.0768,3.1988,0.9959
pred-maintenance-w100-reg,regression,42,numba_efficient,mutual_info,random_forest,True,False,,,,,,,,0.5505,0.0606,0.3492,0.0606,0.3492,0.0139,882,25.0,97.17,0.9023,,5.9809,4.5603,0.9906
pred-maintenance-w100-reg,regression,42,numba_efficient,mutual_info,ridge,True,False,,,,,,,,0.5458,0.0017,0.0148,0.0017,0.0148,0.0006,882,25.0,97.17,0.9023,,5.0147,3.8894,0.9938
pred-maintenance-w100-reg,regression,42,numba_efficient,fdr,random_forest,True,False,,,,,,,,3.3358,0.0697,0.3502,0.0697,0.3502,0.0139,882,63.0,92.86,0.7851,,6.0897,4.6725,0.9903
pred-maintenance-w100-reg,regression,42,numba_efficient,fdr,ridge,True,False,,,,,,,,3.2502,0.0032,0.0182,0.0032,0.0182,0.0007,882,63.0,92.86,0.7851,,5.2765,3.8224,0.9929
pred-maintenance-w100-reg,regression,42,numba_efficient,boruta,random_forest,True,False,,,,,,,,4.2409,0.0597,0.3572,0.0597,0.3572,0.0142,882,25.6,97.1,0.7056,,6.333,4.7168,0.9895
pred-maintenance-w100-reg,regression,42,numba_efficient,boruta,ridge,True,False,,,,,,,,4.2549,0.0017,0.0143,0.0017,0.0143,0.0006,882,25.6,97.1,0.7056,,5.3049,4.139,0.9928
pred-maintenance-w100-reg,regression,42,numba_efficient,subsampled_fdr,random_forest,True,False,,,,,,,,3.2886,0.0605,0.3576,0.0605,0.3576,0.0142,882,3.6,99.59,0.3917,,7.1227,5.317,0.9869
pred-maintenance-w100-reg,regression,42,numba_efficient,subsampled_fdr,ridge,True,False,,,,,,,,3.3919,0.0022,0.0127,0.0022,0.0127,0.0005,882,3.6,99.59,0.3917,,5.9148,4.4927,0.9909
pred-maintenance-w100-reg,regression,42,polars_statistics,None,random_forest,True,False,,,,,,,,0.0,0.0598,0.3591,0.0598,0.3591,0.0143,30,30.0,0.0,1.0,,30.7849,19.6015,0.7614
pred-maintenance-w100-reg,regression,42,polars_statistics,None,ridge,True,False,,,,,,,,0.0,0.0014,0.012,0.0014,0.012,0.0005,30,30.0,0.0,1.0,,40.3448,30.6336,0.597
pred-maintenance-w100-reg,regression,42,polars_statistics,select_k_best_anova,random_forest,True,False,,,,,,,,0.0179,0.0657,0.3546,0.0657,0.3546,0.0141,30,25.0,16.67,0.859,,31.0311,19.6205,0.7572
pred-maintenance-w100-reg,regression,42,polars_statistics,select_k_best_anova,ridge,True,False,,,,,,,,0.0118,0.0019,0.0152,0.0019,0.0152,0.0006,30,25.0,16.67,0.859,,40.2085,30.4213,0.5999
pred-maintenance-w100-reg,regression,42,polars_statistics,mutual_info,random_forest,True,False,,,,,,,,0.0289,0.0607,0.3724,0.0607,0.3724,0.0148,30,25.0,16.67,0.8407,,29.7963,19.1567,0.7729
pred-maintenance-w100-reg,regression,42,polars_statistics,mutual_info,ridge,True,False,,,,,,,,0.0287,0.0018,0.0151,0.0018,0.0151,0.0006,30,25.0,16.67,0.8407,,39.9497,29.9525,0.6042
pred-maintenance-w100-reg,regression,42,polars_statistics,fdr,random_forest,True,False,,,,,,,,3.1182,0.0618,0.3524,0.0618,0.3524,0.014,30,3.0,90.0,1.0,,28.7844,18.3321,0.7762
pred-maintenance-w100-reg,regression,42,polars_statistics,fdr,ridge,True,False,,,,,,,,3.0589,0.0023,0.0133,0.0023,0.0133,0.0005,30,3.0,90.0,1.0,,38.1236,27.7471,0.6398
pred-maintenance-w100-reg,regression,42,polars_statistics,boruta,random_forest,True,False,,,,,,,,1.0593,0.0604,0.3562,0.0604,0.3562,0.0142,30,3.4,88.67,0.81,,29.8463,18.6557,0.7603
pred-maintenance-w100-reg,regression,42,polars_statistics,boruta,ridge,True,False,,,,,,,,1.0656,0.0016,0.0131,0.0016,0.0131,0.0005,30,3.4,88.67,0.81,,38.5141,27.9475,0.6321
pred-maintenance-w100-reg,regression,42,polars_statistics,subsampled_fdr,random_forest,True,True,,,,,,,,3.1124,0.0697,0.3405,0.0697,0.3405,0.0136,30,0.4,98.67,0.0,,30.8421,20.3154,0.7606
pred-maintenance-w100-reg,regression,42,polars_statistics,subsampled_fdr,ridge,True,True,,,,,,,,3.086,0.0024,0.014,0.0024,0.014,0.0006,30,0.4,98.67,0.0,,41.4766,31.3564,0.5757
pred-maintenance-w100-reg,regression,42,numpy_statistical,None,random_forest,True,False,,,,,,,,0.0,0.0613,0.3524,0.0613,0.3524,0.014,30,30.0,0.0,1.0,,30.7842,19.5996,0.7614
pred-maintenance-w100-reg,regression,42,numpy_statistical,None,ridge,True,False,,,,,,,,0.0,0.0028,0.0168,0.0028,0.0168,0.0007,30,30.0,0.0,1.0,,40.3447,30.6335,0.597
pred-maintenance-w100-reg,regression,42,numpy_statistical,select_k_best_anova,random_forest,True,False,,,,,,,,0.0131,0.0607,0.3573,0.0607,0.3573,0.0142,30,25.0,16.67,0.859,,31.0308,19.6192,0.7572
pred-maintenance-w100-reg,regression,42,numpy_statistical,select_k_best_anova,ridge,True,False,,,,,,,,0.0132,0.0018,0.0141,0.0018,0.0141,0.0006,30,25.0,16.67,0.859,,40.2084,30.4212,0.5999
pred-maintenance-w100-reg,regression,42,numpy_statistical,mutual_info,random_forest,True,False,,,,,,,,0.0294,0.0614,0.3542,0.0614,0.3542,0.0141,30,25.0,16.67,0.8407,,29.7961,19.1551,0.7729
pred-maintenance-w100-reg,regression,42,numpy_statistical,mutual_info,ridge,True,False,,,,,,,,0.0289,0.0017,0.0135,0.0017,0.0135,0.0005,30,25.0,16.67,0.8407,,39.9497,29.9525,0.6042
pred-maintenance-w100-reg,regression,42,numpy_statistical,fdr,random_forest,True,False,,,,,,,,3.0571,0.0618,0.347,0.0618,0.347,0.0138,30,3.0,90.0,1.0,,28.7844,18.3321,0.7762
pred-maintenance-w100-reg,regression,42,numpy_statistical,fdr,ridge,True,False,,,,,,,,3.2008,0.0025,0.0138,0.0025,0.0138,0.0006,30,3.0,90.0,1.0,,38.1236,27.7471,0.6398
pred-maintenance-w100-reg,regression,42,numpy_statistical,boruta,random_forest,True,False,,,,,,,,1.1865,0.0608,0.3507,0.0608,0.3507,0.014,30,3.4,88.67,0.81,,29.8463,18.6557,0.7603
pred-maintenance-w100-reg,regression,42,numpy_statistical,boruta,ridge,True,False,,,,,,,,1.0853,0.0017,0.0119,0.0017,0.0119,0.0005,30,3.4,88.67,0.81,,38.5141,27.9475,0.6321
pred-maintenance-w100-reg,regression,42,numpy_statistical,subsampled_fdr,random_forest,True,True,,,,,,,,3.0997,0.0735,0.354,0.0735,0.354,0.0141,30,0.4,98.67,0.0,,30.8421,20.3154,0.7606
pred-maintenance-w100-reg,regression,42,numpy_statistical,subsampled_fdr,ridge,True,True,,,,,,,,5.279,0.0034,0.0155,0.0034,0.0155,0.0006,30,0.4,98.67,0.0,,41.4766,31.3563,0.5757
pred-maintenance-w100-reg,regression,42,tsfel,None,random_forest,True,False,,,,,,,,0.0,0.0989,0.3507,0.0989,0.3507,0.014,186,186.0,0.0,1.0,,31.5641,16.4739,0.7462
pred-maintenance-w100-reg,regression,42,tsfel,None,ridge,True,False,,,,,,,,0.0,0.003,0.0219,0.003,0.0219,0.0009,186,186.0,0.0,1.0,,52.367,34.9902,0.2528
pred-maintenance-w100-reg,regression,42,tsfel,select_k_best_anova,random_forest,True,False,,,,,,,,0.0158,0.0626,0.3616,0.0626,0.3616,0.0144,186,25.0,86.56,0.4731,,31.0879,14.9562,0.7578
pred-maintenance-w100-reg,regression,42,tsfel,select_k_best_anova,ridge,True,False,,,,,,,,0.0145,0.0017,0.0141,0.0017,0.0141,0.0006,186,25.0,86.56,0.4731,,53.6856,28.8173,0.0974
pred-maintenance-w100-reg,regression,42,tsfel,mutual_info,random_forest,True,False,,,,,,,,0.1152,0.068,0.4714,0.068,0.4714,0.0188,186,25.0,86.56,0.5593,,31.9932,15.6225,0.7424
pred-maintenance-w100-reg,regression,42,tsfel,mutual_info,ridge,True,False,,,,,,,,0.1132,0.0018,0.0127,0.0018,0.0127,0.0005,186,25.0,86.56,0.5593,,47.9402,27.5824,0.3406
pred-maintenance-w100-reg,regression,42,tsfel,fdr,random_forest,True,False,,,,,,,,3.3881,0.0623,0.3421,0.0623,0.3421,0.0136,186,14.0,92.47,1.0,,32.1422,14.6006,0.7427
pred-maintenance-w100-reg,regression,42,tsfel,fdr,ridge,True,False,,,,,,,,3.1623,0.0023,0.0137,0.0023,0.0137,0.0005,186,14.0,92.47,1.0,,53.0355,27.8663,0.104
pred-maintenance-w100-reg,regression,42,tsfel,boruta,random_forest,True,False,,,,,,,,1.4317,0.0609,0.3606,0.0609,0.3606,0.0143,186,6.0,96.77,0.6538,,33.8376,15.3036,0.7114
pred-maintenance-w100-reg,regression,42,tsfel,boruta,ridge,True,False,,,,,,,,1.4183,0.0017,0.012,0.0017,0.012,0.0005,186,6.0,96.77,0.6538,,40.1158,25.048,0.5952
pred-maintenance-w100-reg,regression,42,tsfel,subsampled_fdr,random_forest,True,False,,,,,,,,3.181,0.0595,0.3506,0.0595,0.3506,0.014,186,2.6,98.6,0.4536,,43.6925,22.3373,0.4837
pred-maintenance-w100-reg,regression,42,tsfel,subsampled_fdr,ridge,True,False,,,,,,,,3.1131,0.0023,0.014,0.0023,0.014,0.0006,186,2.6,98.6,0.4536,,47.2467,26.9463,0.4268
pred-maintenance-w100-reg,regression,42,tsfresh_minimal,None,random_forest,True,False,,,,,,,,0.0,0.0725,0.3527,0.0725,0.3527,0.014,60,60.0,0.0,1.0,,33.7317,20.1218,0.7156
pred-maintenance-w100-reg,regression,42,tsfresh_minimal,None,ridge,True,False,,,,,,,,0.0,0.0017,0.0138,0.0017,0.0138,0.0006,60,60.0,0.0,1.0,,40.6695,30.6372,0.5905
pred-maintenance-w100-reg,regression,42,tsfresh_minimal,select_k_best_anova,random_forest,True,False,,,,,,,,0.0138,0.0612,0.3509,0.0612,0.3509,0.014,60,25.0,58.33,0.4263,,31.8566,18.73,0.7422
pred-maintenance-w100-reg,regression,42,tsfresh_minimal,select_k_best_anova,ridge,True,False,,,,,,,,0.0123,0.0018,0.0148,0.0018,0.0148,0.0006,60,25.0,58.33,0.4263,,39.6895,29.5058,0.6114
pred-maintenance-w100-reg,regression,42,tsfresh_minimal,mutual_info,random_forest,True,False,,,,,,,,0.0447,0.0607,0.3397,0.0607,0.3397,0.0135,60,25.0,58.33,0.3927,,31.8658,19.0921,0.7352
pred-maintenance-w100-reg,regression,42,tsfresh_minimal,mutual_info,ridge,True,False,,,,,,,,0.045,0.0017,0.0133,0.0017,0.0133,0.0005,60,25.0,58.33,0.3927,,39.9792,29.6636,0.6029
pred-maintenance-w100-reg,regression,42,tsfresh_minimal,fdr,random_forest,True,False,,,,,,,,3.1414,0.062,0.3404,0.062,0.3404,0.0136,60,6.0,90.0,1.0,,30.1619,16.9696,0.7546
pred-maintenance-w100-reg,regression,42,tsfresh_minimal,fdr,ridge,True,False,,,,,,,,3.1252,0.0022,0.013,0.0022,0.013,0.0005,60,6.0,90.0,1.0,,38.5319,28.052,0.6318
pred-maintenance-w100-reg,regression,42,tsfresh_minimal,boruta,random_forest,True,False,,,,,,,,1.1515,0.0587,0.3439,0.0587,0.3439,0.0137,60,4.8,92.0,0.623,,36.6435,20.2284,0.6557
pred-maintenance-w100-reg,regression,42,tsfresh_minimal,boruta,ridge,True,False,,,,,,,,1.1666,0.0017,0.0121,0.0017,0.0121,0.0005,60,4.8,92.0,0.623,,39.9158,28.7974,0.6069
pred-maintenance-w100-reg,regression,42,tsfresh_minimal,subsampled_fdr,random_forest,True,True,,,,,,,,3.1543,0.0783,0.3578,0.0783,0.3578,0.0142,60,0.8,98.67,0.0,,34.7417,20.625,0.6988
pred-maintenance-w100-reg,regression,42,tsfresh_minimal,subsampled_fdr,ridge,True,True,,,,,,,,3.1127,0.0028,0.0167,0.0028,0.0167,0.0007,60,0.8,98.67,0.0,,40.7378,30.8049,0.5892
pred-maintenance-w100-reg,regression,101,numba_efficient,None,random_forest,True,False,,,,,,,,0.0,0.4267,0.3965,0.4267,0.3965,0.0158,882,882.0,0.0,1.0,,7.0906,5.3407,0.9873
pred-maintenance-w100-reg,regression,101,numba_efficient,None,ridge,True,False,,,,,,,,0.0,0.0072,0.0585,0.0072,0.0585,0.0023,882,882.0,0.0,1.0,,25.7294,19.5452,0.8326
pred-maintenance-w100-reg,regression,101,numba_efficient,select_k_best_anova,random_forest,True,False,,,,,,,,0.0148,0.0602,0.3448,0.0602,0.3448,0.0137,882,25.0,97.17,0.9692,,5.5962,4.1771,0.9921
pred-maintenance-w100-reg,regression,101,numba_efficient,select_k_best_anova,ridge,True,False,,,,,,,,0.018,0.0017,0.0131,0.0017,0.0131,0.0005,882,25.0,97.17,0.9692,,4.2905,3.3384,0.9953
pred-maintenance-w100-reg,regression,101,numba_efficient,mutual_info,random_forest,True,False,,,,,,,,0.5503,0.0606,0.3564,0.0606,0.3564,0.0142,882,25.0,97.17,0.8875,,5.9286,4.5329,0.991
pred-maintenance-w100-reg,regression,101,numba_efficient,mutual_info,ridge,True,False,,,,,,,,0.5512,0.0017,0.0135,0.0017,0.0135,0.0005,882,25.0,97.17,0.8875,,4.9653,3.876,0.9938
pred-maintenance-w100-reg,regression,101,numba_efficient,fdr,random_forest,True,False,,,,,,,,3.2475,0.0741,0.3539,0.0741,0.3539,0.0141,882,62.4,92.93,0.8013,,5.6384,4.3419,0.9918
pred-maintenance-w100-reg,regression,101,numba_efficient,fdr,ridge,True,False,,,,,,,,3.177,0.0027,0.0167,0.0027,0.0167,0.0007,882,62.4,92.93,0.8013,,5.3405,3.9586,0.9929
pred-maintenance-w100-reg,regression,101,numba_efficient,boruta,random_forest,True,False,,,,,,,,4.6225,0.0603,0.3495,0.0603,0.3495,0.0139,882,25.4,97.12,0.7674,,6.0647,4.6478,0.9905
pred-maintenance-w100-reg,regression,101,numba_efficient,boruta,ridge,True,False,,,,,,,,4.594,0.0018,0.0132,0.0018,0.0132,0.0005,882,25.4,97.12,0.7674,,4.9147,3.9545,0.994
pred-maintenance-w100-reg,regression,101,numba_efficient,subsampled_fdr,random_forest,True,False,,,,,,,,3.2622,0.0582,0.3431,0.0582,0.3431,0.0137,882,2.4,99.73,0.4083,,6.1578,4.7705,0.9905
pred-maintenance-w100-reg,regression,101,numba_efficient,subsampled_fdr,ridge,True,False,,,,,,,,3.7873,0.0024,0.0125,0.0024,0.0125,0.0005,882,2.4,99.73,0.4083,,5.7646,4.435,0.9917
pred-maintenance-w100-reg,regression,101,polars_statistics,None,random_forest,True,False,,,,,,,,0.0,0.0661,0.338,0.0661,0.338,0.0135,30,30.0,0.0,1.0,,33.7535,21.3605,0.7112
pred-maintenance-w100-reg,regression,101,polars_statistics,None,ridge,True,False,,,,,,,,0.0,0.0015,0.0127,0.0015,0.0127,0.0005,30,30.0,0.0,1.0,,39.8431,30.1501,0.6085
pred-maintenance-w100-reg,regression,101,polars_statistics,select_k_best_anova,random_forest,True,False,,,,,,,,0.0148,0.0643,0.3523,0.0643,0.3523,0.014,30,25.0,16.67,0.859,,33.2414,21.1428,0.7203
pred-maintenance-w100-reg,regression,101,polars_statistics,select_k_best_anova,ridge,True,False,,,,,,,,0.0147,0.0018,0.0146,0.0018,0.0146,0.0006,30,25.0,16.67,0.859,,39.7204,30.132,0.611
pred-maintenance-w100-reg,regression,101,polars_statistics,mutual_info,random_forest,True,False,,,,,,,,0.0305,0.0615,0.3499,0.0615,0.3499,0.0139,30,25.0,16.67,0.8885,,33.2396,21.3447,0.7202
pred-maintenance-w100-reg,regression,101,polars_statistics,mutual_info,ridge,True,False,,,,,,,,0.0314,0.0018,0.0138,0.0018,0.0138,0.0005,30,25.0,16.67,0.8885,,40.1337,30.4358,0.6025
pred-maintenance-w100-reg,regression,101,polars_statistics,fdr,random_forest,True,False,,,,,,,,3.1826,0.059,0.3459,0.059,0.3459,0.0138,30,3.0,90.0,1.0,,31.1976,19.0068,0.7492
pred-maintenance-w100-reg,regression,101,polars_statistics,fdr,ridge,True,False,,,,,,,,3.1594,0.0022,0.0122,0.0022,0.0122,0.0005,30,3.0,90.0,1.0,,37.9211,27.8925,0.6453
pred-maintenance-w100-reg,regression,101,polars_statistics,boruta,random_forest,True,False,,,,,,,,1.0697,0.0558,0.3461,0.0558,0.3461,0.0138,30,3.6,88.0,0.755,,31.0001,18.8471,0.7567
pred-maintenance-w100-reg,regression,101,polars_statistics,boruta,ridge,True,False,,,,,,,,1.0587,0.0016,0.013,0.0016,0.013,0.0005,30,3.6,88.0,0.755,,38.2138,28.2828,0.6391
pred-maintenance-w100-reg,regression,101,polars_statistics,subsampled_fdr,random_forest,True,True,,,,,,,,3.4711,0.076,0.3455,0.076,0.3455,0.0138,30,0.0,100.0,0.0,,33.7535,21.3605,0.7112
pred-maintenance-w100-reg,regression,101,polars_statistics,subsampled_fdr,ridge,True,True,,,,,,,,3.2054,0.0025,0.0142,0.0025,0.0142,0.0006,30,0.0,100.0,0.0,,39.8431,30.1501,0.6085
pred-maintenance-w100-reg,regression,101,numpy_statistical,None,random_forest,True,False,,,,,,,,0.0,0.0574,0.3289,0.0574,0.3289,0.0131,30,30.0,0.0,1.0,,33.7535,21.3605,0.7112
pred-maintenance-w100-reg,regression,101,numpy_statistical,None,ridge,True,False,,,,,,,,0.0,0.0015,0.0133,0.0015,0.0133,0.0005,30,30.0,0.0,1.0,,39.8431,30.1501,0.6085
pred-maintenance-w100-reg,regression,101,numpy_statistical,select_k_best_anova,random_forest,True,False,,,,,,,,0.0139,0.0589,0.3333,0.0589,0.3333,0.0133,30,25.0,16.67,0.859,,33.2416,21.1436,0.7203
pred-maintenance-w100-reg,regression,101,numpy_statistical,select_k_best_anova,ridge,True,False,,,,,,,,0.0144,0.0019,0.0153,0.0019,0.0153,0.0006,30,25.0,16.67,0.859,,39.7204,30.132,0.611
pred-maintenance-w100-reg,regression,101,numpy_statistical,mutual_info,random_forest,True,False,,,,,,,,0.0318,0.061,0.3311,0.061,0.3311,0.0132,30,25.0,16.67,0.8885,,33.2399,21.3456,0.7202
pred-maintenance-w100-reg,regression,101,numpy_statistical,mutual_info,ridge,True,False,,,,,,,,0.0314,0.0018,0.0134,0.0018,0.0134,0.0005,30,25.0,16.67,0.8885,,40.1337,30.4358,0.6025
pred-maintenance-w100-reg,regression,101,numpy_statistical,fdr,random_forest,True,False,,,,,,,,3.2955,0.0589,0.3338,0.0589,0.3338,0.0133,30,3.0,90.0,1.0,,31.1976,19.0068,0.7492
pred-maintenance-w100-reg,regression,101,numpy_statistical,fdr,ridge,True,False,,,,,,,,3.1457,0.0022,0.0127,0.0022,0.0127,0.0005,30,3.0,90.0,1.0,,37.9211,27.8925,0.6453
pred-maintenance-w100-reg,regression,101,numpy_statistical,boruta,random_forest,True,False,,,,,,,,1.0688,0.0578,0.3285,0.0578,0.3285,0.0131,30,3.6,88.0,0.755,,31.0001,18.8471,0.7567
pred-maintenance-w100-reg,regression,101,numpy_statistical,boruta,ridge,True,False,,,,,,,,1.0516,0.0017,0.0131,0.0017,0.0131,0.0005,30,3.6,88.0,0.755,,38.2138,28.2828,0.6391
pred-maintenance-w100-reg,regression,101,numpy_statistical,subsampled_fdr,random_forest,True,True,,,,,,,,3.135,0.0766,0.3343,0.0766,0.3343,0.0133,30,0.0,100.0,0.0,,33.7535,21.3605,0.7112
pred-maintenance-w100-reg,regression,101,numpy_statistical,subsampled_fdr,ridge,True,True,,,,,,,,3.1551,0.0027,0.0141,0.0027,0.0141,0.0006,30,0.0,100.0,0.0,,39.8431,30.1501,0.6085
pred-maintenance-w100-reg,regression,101,tsfel,None,random_forest,True,False,,,,,,,,0.0,0.0968,0.3318,0.0968,0.3318,0.0132,186,186.0,0.0,1.0,,29.4942,15.3764,0.7758
pred-maintenance-w100-reg,regression,101,tsfel,None,ridge,True,False,,,,,,,,0.0,0.0026,0.0207,0.0026,0.0207,0.0008,186,186.0,0.0,1.0,,48.1595,32.8825,0.3898
pred-maintenance-w100-reg,regression,101,tsfel,select_k_best_anova,random_forest,True,False,,,,,,,,0.0145,0.0576,0.3275,0.0576,0.3275,0.013,186,25.0,86.56,0.5097,,29.6515,14.4154,0.7758
pred-maintenance-w100-reg,regression,101,tsfel,select_k_best_anova,ridge,True,False,,,,,,,,0.0144,0.0017,0.0127,0.0017,0.0127,0.0005,186,25.0,86.56,0.5097,,49.1461,26.8631,0.2606
pred-maintenance-w100-reg,regression,101,tsfel,mutual_info,random_forest,True,False,,,,,,,,0.1145,0.0576,0.3263,0.0576,0.3263,0.013,186,25.0,86.56,0.5076,,30.1814,14.8532,0.7687
pred-maintenance-w100-reg,regression,101,tsfel,mutual_info,ridge,True,False,,,,,,,,0.1145,0.0017,0.0128,0.0017,0.0128,0.0005,186,25.0,86.56,0.5076,,47.0102,27.023,0.3372
pred-maintenance-w100-reg,regression,101,tsfel,fdr,random_forest,True,False,,,,,,,,3.1557,0.0576,0.3264,0.0576,0.3264,0.013,186,14.0,92.47,1.0,,29.8574,14.1977,0.7714
pred-maintenance-w100-reg,regression,101,tsfel,fdr,ridge,True,False,,,,,,,,3.1727,0.0022,0.0127,0.0022,0.0127,0.0005,186,14.0,92.47,1.0,,51.0223,27.1184,0.1623
pred-maintenance-w100-reg,regression,101,tsfel,boruta,random_forest,True,False,,,,,,,,1.4421,0.0586,0.3348,0.0586,0.3348,0.0133,186,6.2,96.67,0.7827,,31.0631,14.4134,0.7539
pred-maintenance-w100-reg,regression,101,tsfel,boruta,ridge,True,False,,,,,,,,1.4006,0.0017,0.0132,0.0017,0.0132,0.0005,186,6.2,96.67,0.7827,,40.3573,25.4335,0.5971
pred-maintenance-w100-reg,regression,101,tsfel,subsampled_fdr,random_forest,True,True,,,,,,,,3.2703,0.0681,0.3194,0.0681,0.3194,0.0127,186,1.2,99.35,0.4,,41.8292,20.1103,0.5365
pred-maintenance-w100-reg,regression,101,tsfel,subsampled_fdr,ridge,True,True,,,,,,,,3.1039,0.0025,0.0147,0.0025,0.0147,0.0006,186,1.2,99.35,0.4,,42.517,27.0124,0.5514
pred-maintenance-w100-reg,regression,101,tsfresh_minimal,None,random_forest,True,False,,,,,,,,0.0,0.0701,0.3281,0.0701,0.3281,0.0131,60,60.0,0.0,1.0,,33.8991,20.922,0.7047
pred-maintenance-w100-reg,regression,101,tsfresh_minimal,None,ridge,True,False,,,,,,,,0.0,0.0018,0.0154,0.0018,0.0154,0.0006,60,60.0,0.0,1.0,,40.0552,30.1157,0.603
pred-maintenance-w100-reg,regression,101,tsfresh_minimal,select_k_best_anova,random_forest,True,False,,,,,,,,0.0124,0.0576,0.3301,0.0576,0.3301,0.0131,60,25.0,58.33,0.4283,,33.4005,20.3555,0.7117
pred-maintenance-w100-reg,regression,101,tsfresh_minimal,select_k_best_anova,ridge,True,False,,,,,,,,0.0138,0.0018,0.0141,0.0018,0.0141,0.0006,60,25.0,58.33,0.4283,,39.2189,28.9532,0.6205
pred-maintenance-w100-reg,regression,101,tsfresh_minimal,mutual_info,random_forest,True,False,,,,,,,,0.0461,0.058,0.3257,0.058,0.3257,0.013,60,25.0,58.33,0.4539,,33.8932,20.4324,0.7058
pred-maintenance-w100-reg,regression,101,tsfresh_minimal,mutual_info,ridge,True,False,,,,,,,,0.0452,0.0017,0.0131,0.0017,0.0131,0.0005,60,25.0,58.33,0.4539,,38.3799,29.0773,0.637
pred-maintenance-w100-reg,regression,101,tsfresh_minimal,fdr,random_forest,True,False,,,,,,,,3.1009,0.0582,0.3316,0.0582,0.3316,0.0132,60,6.0,90.0,1.0,,32.3288,18.5836,0.727
pred-maintenance-w100-reg,regression,101,tsfresh_minimal,fdr,ridge,True,False,,,,,,,,3.1515,0.0023,0.0149,0.0023,0.0149,0.0006,60,6.0,90.0,1.0,,38.1242,28.0605,0.6421
pred-maintenance-w100-reg,regression,101,tsfresh_minimal,boruta,random_forest,True,False,,,,,,,,1.143,0.058,0.3253,0.058,0.3253,0.0129,60,4.8,92.0,0.685,,33.474,19.7069,0.7036
pred-maintenance-w100-reg,regression,101,tsfresh_minimal,boruta,ridge,True,False,,,,,,,,1.1247,0.0016,0.0118,0.0016,0.0118,0.0005,60,4.8,92.0,0.685,,38.9325,28.5123,0.6268
pred-maintenance-w100-reg,regression,101,tsfresh_minimal,subsampled_fdr,random_forest,True,True,,,,,,,,3.1739,0.0775,0.3277,0.0775,0.3277,0.013,60,0.0,100.0,0.0,,33.8991,20.922,0.7047
pred-maintenance-w100-reg,regression,101,tsfresh_minimal,subsampled_fdr,ridge,True,True,,,,,,,,3.0949,0.0028,0.0162,0.0028,0.0162,0.0006,60,0.0,100.0,0.0,,40.0552,30.1157,0.603
