Dataset,Task,Seed,Extractor,Selector,Model,is_cached,fallback_triggered,Extraction Time (s),Extraction Peak RAM (MB),Extraction Peak RAM Increase (MB),Extraction Avg CPU (%),Extraction Peak CPU (%),Extraction Peak GPU (%),Extraction Peak GPU RAM (MB),Selection Time (s),fit_time_seconds,inference_latency_ms,Fit Time (s),Inference Latency (ms),Prediction Time (s),N Extracted Features,N Selected Features,Feature Reduction (%),Selection Stability (Jaccard),Total Time (s),Accuracy
beed,classification,42,numba_efficient,None,random_forest,True,False,,,,,,,,0.0,0.081,0.5966,0.081,0.5966,0.0187,2352,2352.0,0.0,1.0,,0.9873
beed,classification,42,numba_efficient,None,logistic_regression,True,False,,,,,,,,0.0,0.062,0.1724,0.062,0.1724,0.0054,2352,2352.0,0.0,1.0,,0.981
beed,classification,42,numba_efficient,select_k_best_anova,random_forest,True,False,,,,,,,,0.0222,0.0721,0.4322,0.0721,0.4322,0.0136,2352,25.0,98.94,0.5958,,0.9679
beed,classification,42,numba_efficient,select_k_best_anova,logistic_regression,True,False,,,,,,,,0.0209,0.0047,0.0179,0.0047,0.0179,0.0006,2352,25.0,98.94,0.5958,,0.8653
beed,classification,42,numba_efficient,mutual_info,random_forest,True,False,,,,,,,,2.5185,0.064,0.4471,0.064,0.4471,0.014,2352,25.0,98.94,0.727,,0.9873
beed,classification,42,numba_efficient,mutual_info,logistic_regression,True,False,,,,,,,,2.5439,0.0091,0.0187,0.0091,0.0187,0.0006,2352,25.0,98.94,0.727,,0.9808
beed,classification,42,numba_efficient,fdr,random_forest,True,False,,,,,,,,4.3197,0.0686,0.5264,0.0686,0.5264,0.0165,2352,1021.6,56.56,0.9415,,0.9873
beed,classification,42,numba_efficient,fdr,logistic_regression,True,False,,,,,,,,4.2711,0.024,0.0929,0.024,0.0929,0.0029,2352,1021.6,56.56,0.9415,,0.9746
beed,classification,42,numba_efficient,boruta,random_forest,True,False,,,,,,,,1.2241,0.065,0.4581,0.065,0.4581,0.0144,2352,12.0,99.49,0.2054,,0.9873
beed,classification,42,numba_efficient,boruta,logistic_regression,True,False,,,,,,,,1.2505,0.0058,0.0213,0.0058,0.0213,0.0007,2352,12.0,99.49,0.2054,,0.9746
beed,classification,42,numba_efficient,subsampled_fdr,random_forest,True,False,,,,,,,,4.2325,0.0685,0.4865,0.0685,0.4865,0.0153,2352,660.0,71.94,0.7488,,0.9873
beed,classification,42,numba_efficient,subsampled_fdr,logistic_regression,True,False,,,,,,,,4.1304,0.0255,0.0694,0.0255,0.0694,0.0022,2352,660.0,71.94,0.7488,,0.9808
beed,classification,42,polars_statistics,None,random_forest,True,False,,,,,,,,0.0,0.0687,0.5304,0.0687,0.5304,0.0166,80,80.0,0.0,1.0,,0.9619
beed,classification,42,polars_statistics,None,logistic_regression,True,False,,,,,,,,0.0,0.0052,0.0223,0.0052,0.0223,0.0007,80,80.0,0.0,1.0,,0.9427
beed,classification,42,polars_statistics,select_k_best_anova,random_forest,True,False,,,,,,,,0.0153,0.0693,0.5204,0.0693,0.5204,0.0163,80,25.0,68.75,0.8364,,0.9429
beed,classification,42,polars_statistics,select_k_best_anova,logistic_regression,True,False,,,,,,,,0.0146,0.0034,0.0165,0.0034,0.0165,0.0005,80,25.0,68.75,0.8364,,0.9107
beed,classification,42,polars_statistics,mutual_info,random_forest,True,False,,,,,,,,0.0975,0.0655,0.5276,0.0655,0.5276,0.0166,80,25.0,68.75,0.6966,,0.9425
beed,classification,42,polars_statistics,mutual_info,logistic_regression,True,False,,,,,,,,0.0955,0.0037,0.0176,0.0037,0.0176,0.0006,80,25.0,68.75,0.6966,,0.9171
beed,classification,42,polars_statistics,fdr,random_forest,True,False,,,,,,,,2.888,0.0744,0.5276,0.0744,0.5276,0.0166,80,80.0,0.0,1.0,,0.9556
beed,classification,42,polars_statistics,fdr,logistic_regression,True,False,,,,,,,,2.8951,0.0064,0.0303,0.0064,0.0303,0.001,80,80.0,0.0,1.0,,0.9427
beed,classification,42,polars_statistics,boruta,random_forest,True,False,,,,,,,,1.2161,0.0728,0.4561,0.0728,0.4561,0.0143,80,43.6,45.5,0.7275,,0.9681
beed,classification,42,polars_statistics,boruta,logistic_regression,True,False,,,,,,,,1.2053,0.0044,0.018,0.0044,0.018,0.0006,80,43.6,45.5,0.7275,,0.9365
beed,classification,42,polars_statistics,subsampled_fdr,random_forest,True,False,,,,,,,,2.8961,0.0685,0.5251,0.0685,0.5251,0.0165,80,78.2,2.25,0.9724,,0.9681
beed,classification,42,polars_statistics,subsampled_fdr,logistic_regression,True,False,,,,,,,,2.9367,0.0063,0.0272,0.0063,0.0272,0.0009,80,78.2,2.25,0.9724,,0.955
beed,classification,42,numpy_statistical,None,random_forest,True,False,,,,,,,,0.0,0.0685,0.5435,0.0685,0.5435,0.0171,80,80.0,0.0,1.0,,0.9619
beed,classification,42,numpy_statistical,None,logistic_regression,True,False,,,,,,,,0.0,0.0052,0.0265,0.0052,0.0265,0.0008,80,80.0,0.0,1.0,,0.9427
beed,classification,42,numpy_statistical,select_k_best_anova,random_forest,True,False,,,,,,,,0.0146,0.0715,0.538,0.0715,0.538,0.0169,80,25.0,68.75,0.8364,,0.9429
beed,classification,42,numpy_statistical,select_k_best_anova,logistic_regression,True,False,,,,,,,,0.0146,0.0036,0.0179,0.0036,0.0179,0.0006,80,25.0,68.75,0.8364,,0.9107
beed,classification,42,numpy_statistical,mutual_info,random_forest,True,False,,,,,,,,0.0975,0.0683,0.5017,0.0683,0.5017,0.0158,80,25.0,68.75,0.6966,,0.9425
beed,classification,42,numpy_statistical,mutual_info,logistic_regression,True,False,,,,,,,,0.0972,0.0037,0.0176,0.0037,0.0176,0.0006,80,25.0,68.75,0.6966,,0.9171
beed,classification,42,numpy_statistical,fdr,random_forest,True,False,,,,,,,,2.8986,0.0727,0.5278,0.0727,0.5278,0.0166,80,80.0,0.0,1.0,,0.9556
beed,classification,42,numpy_statistical,fdr,logistic_regression,True,False,,,,,,,,2.8799,0.0063,0.0262,0.0063,0.0262,0.0008,80,80.0,0.0,1.0,,0.9427
beed,classification,42,numpy_statistical,boruta,random_forest,True,False,,,,,,,,1.2158,0.0657,0.5184,0.0657,0.5184,0.0163,80,43.6,45.5,0.7275,,0.9681
beed,classification,42,numpy_statistical,boruta,logistic_regression,True,False,,,,,,,,1.2156,0.0043,0.0186,0.0043,0.0186,0.0006,80,43.6,45.5,0.7275,,0.9365
beed,classification,42,numpy_statistical,subsampled_fdr,random_forest,True,False,,,,,,,,2.92,0.0714,0.5488,0.0714,0.5488,0.0172,80,78.2,2.25,0.9724,,0.9681
beed,classification,42,numpy_statistical,subsampled_fdr,logistic_regression,True,False,,,,,,,,2.926,0.0064,0.0286,0.0064,0.0286,0.0009,80,78.2,2.25,0.9724,,0.955
beed,classification,42,tsfel,None,random_forest,True,False,,,,,,,,0.0,0.0674,0.5194,0.0674,0.5194,0.0163,31,31.0,0.0,1.0,,0.8724
beed,classification,42,tsfel,None,logistic_regression,True,False,,,,,,,,0.0,0.0157,0.0226,0.0157,0.0226,0.0007,31,31.0,0.0,1.0,,0.7516
beed,classification,42,tsfel,select_k_best_anova,random_forest,True,False,,,,,,,,0.0146,0.0678,0.5273,0.0678,0.5273,0.0166,31,25.0,19.35,0.9407,,0.8659
beed,classification,42,tsfel,select_k_best_anova,logistic_regression,True,False,,,,,,,,0.0146,0.0155,0.0194,0.0155,0.0194,0.0006,31,25.0,19.35,0.9407,,0.7516
beed,classification,42,tsfel,mutual_info,random_forest,True,False,,,,,,,,0.0461,0.0667,0.5259,0.0667,0.5259,0.0165,31,25.0,19.35,1.0,,0.8659
beed,classification,42,tsfel,mutual_info,logistic_regression,True,False,,,,,,,,0.0432,0.0141,0.0222,0.0141,0.0222,0.0007,31,25.0,19.35,1.0,,0.7516
beed,classification,42,tsfel,fdr,random_forest,True,False,,,,,,,,2.8637,0.0701,0.52,0.0701,0.52,0.0163,31,19.0,38.71,1.0,,0.8659
beed,classification,42,tsfel,fdr,logistic_regression,True,False,,,,,,,,2.8594,0.0077,0.0222,0.0077,0.0222,0.0007,31,19.0,38.71,1.0,,0.7454
beed,classification,42,tsfel,boruta,random_forest,True,False,,,,,,,,1.1856,0.0676,0.4781,0.0676,0.4781,0.015,31,16.2,47.74,0.9765,,0.853
beed,classification,42,tsfel,boruta,logistic_regression,True,False,,,,,,,,1.2034,0.0073,0.0212,0.0073,0.0212,0.0007,31,16.2,47.74,0.9765,,0.7252
beed,classification,42,tsfel,subsampled_fdr,random_forest,True,False,,,,,,,,2.8731,0.0726,0.5293,0.0726,0.5293,0.0166,31,16.4,47.1,0.9186,,0.8345
beed,classification,42,tsfel,subsampled_fdr,logistic_regression,True,False,,,,,,,,2.9134,0.0081,0.0232,0.0081,0.0232,0.0007,31,16.4,47.1,0.9186,,0.7254
beed,classification,42,tsfresh_minimal,None,random_forest,True,False,,,,,,,,0.0,0.0708,0.5515,0.0708,0.5515,0.0173,160,160.0,0.0,1.0,,0.9554
beed,classification,42,tsfresh_minimal,None,logistic_regression,True,False,,,,,,,,0.0,0.1091,0.0329,0.1091,0.0329,0.001,160,160.0,0.0,1.0,,0.9427
beed,classification,42,tsfresh_minimal,select_k_best_anova,random_forest,True,False,,,,,,,,0.0152,0.067,0.5393,0.067,0.5393,0.0169,160,25.0,84.38,0.7636,,0.9365
beed,classification,42,tsfresh_minimal,select_k_best_anova,logistic_regression,True,False,,,,,,,,0.0153,0.0036,0.0176,0.0036,0.0176,0.0006,160,25.0,84.38,0.7636,,0.9109
beed,classification,42,tsfresh_minimal,mutual_info,random_forest,True,False,,,,,,,,0.181,0.0693,0.4909,0.0693,0.4909,0.0154,160,25.0,84.38,0.5126,,0.9361
beed,classification,42,tsfresh_minimal,mutual_info,logistic_regression,True,False,,,,,,,,0.179,0.0041,0.0178,0.0041,0.0178,0.0006,160,25.0,84.38,0.5126,,0.9109
beed,classification,42,tsfresh_minimal,fdr,random_forest,True,False,,,,,,,,2.9919,0.0738,0.5272,0.0738,0.5272,0.0166,160,144.0,10.0,1.0,,0.9619
beed,classification,42,tsfresh_minimal,fdr,logistic_regression,True,False,,,,,,,,2.9913,0.0088,0.0286,0.0088,0.0286,0.0009,160,144.0,10.0,1.0,,0.9427
beed,classification,42,tsfresh_minimal,boruta,random_forest,True,False,,,,,,,,1.2122,0.0696,0.5303,0.0696,0.5303,0.0167,160,38.2,76.12,0.5885,,0.9429
beed,classification,42,tsfresh_minimal,boruta,logistic_regression,True,False,,,,,,,,1.2435,0.004,0.018,0.004,0.018,0.0006,160,38.2,76.12,0.5885,,0.949
beed,classification,42,tsfresh_minimal,subsampled_fdr,random_forest,True,False,,,,,,,,2.9474,0.0737,0.5367,0.0737,0.5367,0.0168,160,134.4,16.0,0.9355,,0.9556
beed,classification,42,tsfresh_minimal,subsampled_fdr,logistic_regression,True,False,,,,,,,,2.9557,0.0127,0.0302,0.0127,0.0302,0.0009,160,134.4,16.0,0.9355,,0.9615
beed,classification,101,numba_efficient,None,random_forest,True,False,,,,,,,,0.0,0.0744,0.6198,0.0744,0.6198,0.0195,2352,2352.0,0.0,1.0,,0.9871
beed,classification,101,numba_efficient,None,logistic_regression,True,False,,,,,,,,0.0,0.0564,0.1686,0.0564,0.1686,0.0053,2352,2352.0,0.0,1.0,,0.9935
beed,classification,101,numba_efficient,select_k_best_anova,random_forest,True,False,,,,,,,,0.0203,0.0691,0.5225,0.0691,0.5225,0.0164,2352,25.0,98.94,0.7774,,0.9808
beed,classification,101,numba_efficient,select_k_best_anova,logistic_regression,True,False,,,,,,,,0.0199,0.0033,0.0174,0.0033,0.0174,0.0005,2352,25.0,98.94,0.7774,,0.8982
beed,classification,101,numba_efficient,mutual_info,random_forest,True,False,,,,,,,,2.5189,0.0664,0.5153,0.0664,0.5153,0.0162,2352,25.0,98.94,0.69,,0.9806
beed,classification,101,numba_efficient,mutual_info,logistic_regression,True,False,,,,,,,,2.5097,0.009,0.0225,0.009,0.0225,0.0007,2352,25.0,98.94,0.69,,0.9806
beed,classification,101,numba_efficient,fdr,random_forest,True,False,,,,,,,,4.2178,0.0742,0.5289,0.0742,0.5289,0.0166,2352,1017.8,56.73,0.9467,,0.9871
beed,classification,101,numba_efficient,fdr,logistic_regression,True,False,,,,,,,,4.2386,0.027,0.0918,0.027,0.0918,0.0029,2352,1017.8,56.73,0.9467,,0.9935
beed,classification,101,numba_efficient,boruta,random_forest,True,False,,,,,,,,1.2545,0.0697,0.5292,0.0697,0.5292,0.0166,2352,10.0,99.57,0.2027,,0.9871
beed,classification,101,numba_efficient,boruta,logistic_regression,True,False,,,,,,,,1.2353,0.0051,0.0188,0.0051,0.0188,0.0006,2352,10.0,99.57,0.2027,,0.9038
beed,classification,101,numba_efficient,subsampled_fdr,random_forest,True,False,,,,,,,,4.2135,0.0711,0.5873,0.0711,0.5873,0.0184,2352,719.6,69.4,0.8081,,0.9871
beed,classification,101,numba_efficient,subsampled_fdr,logistic_regression,True,False,,,,,,,,4.14,0.0273,0.0705,0.0273,0.0705,0.0022,2352,719.6,69.4,0.8081,,0.9935
beed,classification,101,polars_statistics,None,random_forest,True,False,,,,,,,,0.0,0.0702,0.5139,0.0702,0.5139,0.0162,80,80.0,0.0,1.0,,0.9873
beed,classification,101,polars_statistics,None,logistic_regression,True,False,,,,,,,,0.0,0.005,0.0218,0.005,0.0218,0.0007,80,80.0,0.0,1.0,,0.9552
beed,classification,101,polars_statistics,select_k_best_anova,random_forest,True,False,,,,,,,,0.0147,0.0676,0.5427,0.0676,0.5427,0.017,80,25.0,68.75,0.8616,,0.9681
beed,classification,101,polars_statistics,select_k_best_anova,logistic_regression,True,False,,,,,,,,0.0146,0.0034,0.0164,0.0034,0.0164,0.0005,80,25.0,68.75,0.8616,,0.9109
beed,classification,101,polars_statistics,mutual_info,random_forest,True,False,,,,,,,,0.0964,0.0691,0.5194,0.0691,0.5194,0.0163,80,25.0,68.75,0.6875,,0.9617
beed,classification,101,polars_statistics,mutual_info,logistic_regression,True,False,,,,,,,,0.0965,0.0038,0.0179,0.0038,0.0179,0.0006,80,25.0,68.75,0.6875,,0.9046
beed,classification,101,polars_statistics,fdr,random_forest,True,False,,,,,,,,2.885,0.0716,0.5277,0.0716,0.5277,0.0166,80,80.0,0.0,1.0,,0.9808
beed,classification,101,polars_statistics,fdr,logistic_regression,True,False,,,,,,,,2.942,0.0062,0.0332,0.0062,0.0332,0.001,80,80.0,0.0,1.0,,0.9552
beed,classification,101,polars_statistics,boruta,random_forest,True,False,,,,,,,,1.2021,0.0697,0.5127,0.0697,0.5127,0.0161,80,42.2,47.25,0.7336,,0.9808
beed,classification,101,polars_statistics,boruta,logistic_regression,True,False,,,,,,,,1.2216,0.0041,0.0179,0.0041,0.0179,0.0006,80,42.2,47.25,0.7336,,0.9552
beed,classification,101,polars_statistics,subsampled_fdr,random_forest,True,False,,,,,,,,2.9762,0.0702,0.545,0.0702,0.545,0.0171,80,80.0,0.0,1.0,,0.9808
beed,classification,101,polars_statistics,subsampled_fdr,logistic_regression,True,False,,,,,,,,3.0399,0.0061,0.0272,0.0061,0.0272,0.0009,80,80.0,0.0,1.0,,0.9552
beed,classification,101,numpy_statistical,None,random_forest,True,False,,,,,,,,0.0,0.0731,0.5037,0.0731,0.5037,0.0158,80,80.0,0.0,1.0,,0.9873
beed,classification,101,numpy_statistical,None,logistic_regression,True,False,,,,,,,,0.0,0.0052,0.0208,0.0052,0.0208,0.0007,80,80.0,0.0,1.0,,0.9552
beed,classification,101,numpy_statistical,select_k_best_anova,random_forest,True,False,,,,,,,,0.0149,0.0679,0.5137,0.0679,0.5137,0.0161,80,25.0,68.75,0.8616,,0.9681
beed,classification,101,numpy_statistical,select_k_best_anova,logistic_regression,True,False,,,,,,,,0.015,0.0034,0.0165,0.0034,0.0165,0.0005,80,25.0,68.75,0.8616,,0.9109
beed,classification,101,numpy_statistical,mutual_info,random_forest,True,False,,,,,,,,0.0983,0.0681,0.4825,0.0681,0.4825,0.0151,80,25.0,68.75,0.6875,,0.9617
beed,classification,101,numpy_statistical,mutual_info,logistic_regression,True,False,,,,,,,,0.0982,0.0038,0.0191,0.0038,0.0191,0.0006,80,25.0,68.75,0.6875,,0.9046
beed,classification,101,numpy_statistical,fdr,random_forest,True,False,,,,,,,,2.932,0.0725,0.487,0.0725,0.487,0.0153,80,80.0,0.0,1.0,,0.9808
beed,classification,101,numpy_statistical,fdr,logistic_regression,True,False,,,,,,,,3.0008,0.0063,0.0241,0.0063,0.0241,0.0008,80,80.0,0.0,1.0,,0.9552
beed,classification,101,numpy_statistical,boruta,random_forest,True,False,,,,,,,,1.2323,0.0761,0.47,0.0761,0.47,0.0147,80,42.2,47.25,0.7336,,0.9808
beed,classification,101,numpy_statistical,boruta,logistic_regression,True,False,,,,,,,,1.2162,0.0041,0.0182,0.0041,0.0182,0.0006,80,42.2,47.25,0.7336,,0.9552
beed,classification,101,numpy_statistical,subsampled_fdr,random_forest,True,False,,,,,,,,2.9585,0.0733,0.5441,0.0733,0.5441,0.0171,80,80.0,0.0,1.0,,0.9808
beed,classification,101,numpy_statistical,subsampled_fdr,logistic_regression,True,False,,,,,,,,2.9596,0.0063,0.028,0.0063,0.028,0.0009,80,80.0,0.0,1.0,,0.9552
beed,classification,101,tsfel,None,random_forest,True,False,,,,,,,,0.0,0.0688,0.5232,0.0688,0.5232,0.0164,31,31.0,0.0,1.0,,0.8595
beed,classification,101,tsfel,None,logistic_regression,True,False,,,,,,,,0.0,0.0152,0.018,0.0152,0.018,0.0006,31,31.0,0.0,1.0,,0.7391
beed,classification,101,tsfel,select_k_best_anova,random_forest,True,False,,,,,,,,0.0155,0.0682,0.5055,0.0682,0.5055,0.0159,31,25.0,19.35,0.9407,,0.8786
beed,classification,101,tsfel,select_k_best_anova,logistic_regression,True,False,,,,,,,,0.0149,0.0151,0.0233,0.0151,0.0233,0.0007,31,25.0,19.35,0.9407,,0.7391
beed,classification,101,tsfel,mutual_info,random_forest,True,False,,,,,,,,0.0441,0.0693,0.4787,0.0693,0.4787,0.015,31,25.0,19.35,1.0,,0.8786
beed,classification,101,tsfel,mutual_info,logistic_regression,True,False,,,,,,,,0.0432,0.0141,0.019,0.0141,0.019,0.0006,31,25.0,19.35,1.0,,0.7391
beed,classification,101,tsfel,fdr,random_forest,True,False,,,,,,,,2.88,0.0651,0.5051,0.0651,0.5051,0.0159,31,18.8,39.35,0.9789,,0.8788
beed,classification,101,tsfel,fdr,logistic_regression,True,False,,,,,,,,2.9178,0.0082,0.0246,0.0082,0.0246,0.0008,31,18.8,39.35,0.9789,,0.7331
beed,classification,101,tsfel,boruta,random_forest,True,False,,,,,,,,1.2191,0.071,0.5316,0.071,0.5316,0.0167,31,15.8,49.03,0.9397,,0.8403
beed,classification,101,tsfel,boruta,logistic_regression,True,False,,,,,,,,1.2256,0.007,0.0181,0.007,0.0181,0.0006,31,15.8,49.03,0.9397,,0.7772
beed,classification,101,tsfel,subsampled_fdr,random_forest,True,False,,,,,,,,2.9463,0.0753,0.4932,0.0753,0.4932,0.0155,31,16.2,47.74,0.9765,,0.8595
beed,classification,101,tsfel,subsampled_fdr,logistic_regression,True,False,,,,,,,,2.9532,0.0102,0.0224,0.0102,0.0224,0.0007,31,16.2,47.74,0.9765,,0.7708
beed,classification,101,tsfresh_minimal,None,random_forest,True,False,,,,,,,,0.0,0.0748,0.5229,0.0748,0.5229,0.0164,160,160.0,0.0,1.0,,0.9683
beed,classification,101,tsfresh_minimal,None,logistic_regression,True,False,,,,,,,,0.0,0.0984,0.0321,0.0984,0.0321,0.001,160,160.0,0.0,1.0,,0.9617
beed,classification,101,tsfresh_minimal,select_k_best_anova,random_forest,True,False,,,,,,,,0.015,0.0703,0.5146,0.0703,0.5146,0.0162,160,25.0,84.38,0.8027,,0.9619
beed,classification,101,tsfresh_minimal,select_k_best_anova,logistic_regression,True,False,,,,,,,,0.0149,0.0039,0.0182,0.0039,0.0182,0.0006,160,25.0,84.38,0.8027,,0.93
beed,classification,101,tsfresh_minimal,mutual_info,random_forest,True,False,,,,,,,,0.1808,0.0687,0.4667,0.0687,0.4667,0.0146,160,25.0,84.38,0.6134,,0.9681
beed,classification,101,tsfresh_minimal,mutual_info,logistic_regression,True,False,,,,,,,,0.1788,0.0038,0.0168,0.0038,0.0168,0.0005,160,25.0,84.38,0.6134,,0.8978
beed,classification,101,tsfresh_minimal,fdr,random_forest,True,False,,,,,,,,2.9893,0.0752,0.5172,0.0752,0.5172,0.0163,160,144.0,10.0,1.0,,0.9808
beed,classification,101,tsfresh_minimal,fdr,logistic_regression,True,False,,,,,,,,2.9479,0.0088,0.0347,0.0088,0.0347,0.0011,160,144.0,10.0,1.0,,0.9617
beed,classification,101,tsfresh_minimal,boruta,random_forest,True,False,,,,,,,,1.2413,0.0693,0.4902,0.0693,0.4902,0.0154,160,36.6,77.12,0.5781,,0.9744
beed,classification,101,tsfresh_minimal,boruta,logistic_regression,True,False,,,,,,,,1.2161,0.0041,0.02,0.0041,0.02,0.0006,160,36.6,77.12,0.5781,,0.9488
beed,classification,101,tsfresh_minimal,subsampled_fdr,random_forest,True,False,,,,,,,,3.0435,0.0736,0.5572,0.0736,0.5572,0.0175,160,142.0,11.25,0.9763,,0.9746
beed,classification,101,tsfresh_minimal,subsampled_fdr,logistic_regression,True,False,,,,,,,,2.9308,0.0091,0.0278,0.0091,0.0278,0.0009,160,142.0,11.25,0.9763,,0.9617
