run_id,task_type,datasets,extractors,selectors,models,total_configurations,status,primary_purpose,key_outcome
TM268Ua__andreas_meeting_bakeoff,Classification,"BEED, AI4I, HAR","numba_efficient, tsfresh_efficient, tsfresh_minimal, polars_statistics","None, select_k_best, fdr, subsampled","random_forest, logistic_regression",192,Completed and Verified,Compare tsfresh with Numba and Polars across three classification datasets for the supervisor meeting. Evaluate extraction time and predictive accuracy.,Tsfresh achieves high accuracy but uses high memory. Numba and Polars extract features much faster with equal accuracy.
TM269Ga__ai4i_running_benchmark,Dual Task (Classification and Regression),AI4I 2020 Predictive Maintenance,"numba_efficient, polars_statistics, numpy_statistical, tsfel, tsfresh_minimal","None, select_k_best_anova, mutual_info, fdr, boruta, subsampled_fdr","random_forest, logistic_regression, ridge",120,Completed and Verified,Evaluate the complete TEMPO pipeline on the industrial AI4I dataset for dual tasks. Test failure classification and continuous tool wear regression.,Spectral features achieve high regression accuracy. Summary moments fail to predict tool wear. Binary classification requires only basic summary moments.
TM26a10__unified_matrix,Dual Task (Classification and Regression),"BEED (Classification), Appliances Energy (Regression)","numba_efficient, polars_statistics, numpy_statistical, tsfel, tsfresh_minimal","None, select_k_best_anova, mutual_info, fdr, boruta, subsampled_fdr","random_forest, logistic_regression, ridge",240,Completed and Verified,Test five feature extractors and six feature selectors across building energy classification and appliance regression. Verify engine parity between Polars and NumPy.,Polars zero-copy expressions match NumPy values exactly. Polars runs six times faster than NumPy. FDR selection reduces feature count without accuracy loss.
TM26a11__multidomain_unified_matrix,Dual Task (Classification and Regression),"AI4I Failure Classification, AI4I Continuous Tool Wear","numba_efficient, polars_statistics, numpy_statistical, tsfel, tsfresh_minimal","None, select_k_best_anova, mutual_info, fdr, boruta, subsampled_fdr","random_forest, logistic_regression, ridge",240,Completed and Verified,Replicate the full pipeline matrix on AI4I failure classification and continuous tool wear across two random seeds. Verify statistical significance.,Numba regression accuracy replicates with p less than 1e-15. Spectral energy proves necessary for tool wear prediction.
TM26a12__gas_drift_unified_matrix,Classification,"Chemical Gas Sensor Drift (16 Sensors, 6 Gases)","numba_efficient, polars_statistics, numpy_statistical, tsfresh_minimal","None, select_k_best_anova, mutual_info, fdr, boruta, subsampled_fdr","random_forest, logistic_regression",96,Completed and Verified,Evaluate feature extractors and selectors on the chemical gas sensor drift dataset across multiple array batches. Test resistance to sensor aging.,Numba improves classification accuracy by ten percent over basic moments. Welch spectral harmonics separate gas classes under long-term sensor drift.
TM26a5a__overnight_classification,Classification,"BEED, AI4I, HAR","numba_efficient, polars_statistics, numpy_statistical, tsfresh_minimal","None, variance_threshold, select_k_best, l1, tree_importance, subsampled","random_forest, logistic_regression",288,Completed and Verified,Execute an exploratory overnight benchmark across three classification datasets. Evaluate four extractors and six basic selection strategies.,Basic statistical moments achieve accuracy parity with complex packages on stationary classification tasks. Advanced selectors prune uninformative features.
TM26a6a__overnight_regression,Regression,"Langevin Bifurcation, AI4I Tool Wear, Appliances Energy, Beijing PM2.5","numba_efficient, polars_statistics, numpy_statistical, tsfresh_minimal","None, variance_threshold, select_k_best, l1, tree_importance, subsampled","random_forest, ridge",384,Completed and Verified,Execute an exploratory overnight benchmark across four continuous regression datasets. Test feature extraction and selection on non-stationary physical processes.,Spectral extraction provides large accuracy gains on physical wear datasets. Standard moments fail on continuous frequency shifts.
TM26a7a__overnight_forecasting,Multi-Horizon Forecasting,"Synthetic AR, Appliances Energy, Beijing PM2.5","numba_efficient, polars_statistics, numpy_statistical, tsfresh_minimal","None, variance_threshold, select_k_best, l1, tree_importance, subsampled","random_forest, ridge",288,Completed and Verified,Evaluate multi-horizon forward trajectory forecasting across one to ten steps ahead. Measure forecast error and empirical quantile prediction interval width.,Numba reduces forecast error by sixteen percent. Spectral features narrow prediction interval width by twenty-seven percent compared to basic moments.
TM26a7b__overnight_classification,Classification,"Langevin Discrete State, Chemical Gas Sensor Drift","numba_efficient, polars_statistics, numpy_statistical, tsfresh_minimal","None, variance_threshold, select_k_best, l1, tree_importance, subsampled","random_forest, logistic_regression",192,Completed and Verified,Test classification pipelines on synthetic Langevin bifurcation states and chemical gas sensor drift. Screen initial performance before dedicated unified runs.,Multi-sensor drift requires frequency features. The screening verified data loader stability for large sensor arrays.
TM26a9a__langevin_tau_recovery_1k,Inverse Parameter Recovery,"Langevin Bifurcation (1,000 Trajectories, tau in [3.4, 4.2])","numba_efficient, polars_statistics, numpy_statistical, tsfresh_minimal","None, variance_threshold, select_k_best, l1, tree_importance, subsampled","random_forest, ridge",144,Completed and Verified,Recover the physical control parameter tau across one thousand stochastic Langevin trajectories near a critical bifurcation. Test inverse regression fidelity.,Time-domain moments achieve higher recovery accuracy than spectral features. Critical slowing down alters fluctuation moments rather than frequency harmonics.
andreas_regression,Regression,"Appliances Energy, Beijing PM2.5","numba_efficient, tsfresh_efficient, tsfresh_minimal, polars_statistics, tsfel","None, select_k_best, fdr, subsampled","random_forest, ridge",80,Completed and Verified,Benchmark comprehensive tsfresh against lightweight extractors on multivariate energy and air quality regression. Provide direct comparisons for supervisor review.,Comprehensive dictionaries increase extraction time without improving regression scores over compact representations.
TM26a13__overnight_super_bakeoff,Scaffold / Unexecuted,None,None,None,None,0,Scaffold Only (Not Run),Provide a directory scaffold for an extended multi-dataset bakeoff. This run did not execute.,No data recorded. The project team replaced this test with the unified matrices TM26a10 and TM26a11.
test_gas_drift_sub_l1,Pilot / Smoke Test,Chemical Gas Sensor Drift (Pilot Subsample),"numba_efficient, polars_statistics",l1,logistic_regression,2,Completed Smoke Test,Verify the gas drift data loader and L1 feature selection in a fast pilot test.,The test verified pipeline integrity. The full experiment continued in run TM26a12.
TM26a14__fleet_comparison,Multi-Stage Fleet (Classification Regression Forecasting),"Gas Sensor Drift, Drift Bifurcation (Cls & Reg), AI4I Turbofan (Cls & Reg), BEED, Appliances Energy, Beijing PM2.5, Synthetic AR","tsfresh_efficient, numba_efficient, polars_statistics","None, select_k_best_anova, mutual_info, fdr, subsampled_fdr, boruta","random_forest, logistic_regression, ridge",528,Completed and Verified,"Address the representation shortfall of tsfresh_efficient in the report review. Execute a fleet-wide head-to-head comparison against numba_efficient and polars_statistics across classification, continuous regression, and multi-horizon autoregressive forecasting (H=10).","Verified mathematical parity between tsfresh_efficient and numba_efficient across classification (p=0.7202) and forecasting Random Forest (p=0.4737). Numba achieved 61x to 421x extraction speedups and reduced peak RAM by 49 to 72 percent. Unselected tsfresh features caused numerical instability in linear Ridge regression."
TM26a15__overnight_fleet_bakeoff,Multi-Stage Bakeoff (Parameter Recovery Classification Regression),"Langevin Bifurcation (1,000 Trajectories Reg & Cls), AI4I Turbofan, BEED, Gas Sensor Drift, Appliances Energy","numba_efficient, tsfresh_efficient, tsfel, polars_statistics","None, select_k_best_anova, mutual_info, fdr, subsampled_fdr, boruta","random_forest, logistic_regression, ridge",280,Completed and Verified,"Direct fulfillment of Meeting 9 Action Item 48. Benchmark four feature extraction engines on 1,000-sample Langevin supercritical pitchfork bifurcation parameter recovery and multi-domain classification across aeronautics, bio-acoustics, and chemistry.","Established statistically significant accuracy hierarchy: numba_efficient ≈ tsfresh_efficient > tsfel > polars_statistics (p=0.0028 vs tsfel, p=0.0003 vs polars). Numba achieved the highest R2 score (0.1538) on Langevin tau parameter recovery while extracting 23 times faster than tsfresh with 80 percent less RAM."
