,,Prediction Accuracy,Prediction Accuracy,Prediction Accuracy,Prediction Accuracy,Prediction Accuracy,Extraction Time,Extraction Time,Extraction Time,Extraction Time,Extraction Time,Selection Time,Selection Time,Selection Time,Selection Time,Selection Time,Prediction Time,Prediction Time,Prediction Time,Prediction Time,Prediction Time,Total Time,Total Time,Total Time,Total Time,Total Time
,,mean,std,median,min,max,mean,std,median,min,max,mean,std,median,min,max,mean,std,median,min,max,mean,std,median,min,max
Extractor,Selector,,,,,,,,,,,,,,,,,,,,,,,,,
TSFresh-Comprehensive-100FFT,TSFresh,0.9797499999999999,0.010192231303663042,0.98,0.96,1.0,27.43865469,0.7394037826550091,27.52169215,26.0206279,29.0100932,4.856121985,0.10507733857768663,4.8500796,4.6613378,5.136159,0.333721205,0.030391059099493738,0.33960270000000004,0.2797849,0.387141,32.628500595,0.7401163411373819,32.68121945,31.0465487,34.1587948
TSFresh-Comprehensive-10FFT,TSFresh,0.97725,0.009797287487119229,0.975,0.96,0.995,27.039895969999996,1.455243309397253,26.68170355,25.3329287,31.9918222,4.75143659,0.23985550577121256,4.7163322999999995,4.3780606,5.6325874,0.330858485,0.04398086059082704,0.3204218,0.2809672,0.4772793,32.12219374,1.692975202329395,31.7337964,29.9985858,38.1016922
TSFresh-Comprehensive-25FFT,TSFresh,0.97875,0.009983539083490334,0.975,0.965,0.995,27.213853835,1.3180155653426815,26.76640085,26.274514,31.5718321,4.749402760000001,0.18336742898174757,4.74044185,4.2193605,5.1732146,0.32883397,0.05090462685831532,0.32318815,0.2768445,0.5224874,32.292093125,1.3667872571657722,31.8361496,31.300842,37.1678273
TSFresh-Comprehensive-50FFT,TSFresh,0.9792500000000001,0.00963477801344801,0.98,0.96,0.995,27.348444575000002,1.1998611697088373,27.3408519,25.0238914,31.442904,4.7873764549999995,0.14918057948870483,4.76014155,4.4877525,5.2707132,0.33342525,0.03707087844344866,0.3220296,0.2893298,0.4414404,32.46924891,1.3332194271810667,32.356131700000006,29.9764264,37.1550617
TSFresh-Comprehensive-75FFT,TSFresh,0.9775,0.01006557447310807,0.975,0.96,0.995,27.36942707,1.253411498722634,27.211430149999998,25.2814507,32.0136364,4.828463935,0.1607730410464267,4.7900081,4.6729793,5.4450924,0.34302612,0.03715721456956983,0.33641615,0.2974098,0.4508054,32.540919675,1.4142892311227153,32.346358699999996,30.3211398,37.9095384
TSFresh-Efficient-100FFT,TSFresh,0.978,0.01105012502906166,0.975,0.96,1.0,23.836423869999997,1.1560151993077397,23.5912541,22.7736853,28.4285729,4.88786309,0.16055574373017426,4.87161845,4.6856381,5.4856542,0.34130779499999997,0.05878821710904744,0.332416,0.2814395,0.565517,29.065597259999997,1.3488253763526206,28.777577200000003,27.8283381,34.4797487
TSFresh-Efficient-10FFT,TSFresh,0.9789999999999999,0.009262260722102924,0.975,0.965,1.0,22.88678678,0.3729062752790372,22.89298085,21.8812872,23.5116534,4.73730048,0.20426194450320967,4.7203003,4.2975897,5.1631415,0.30568687,0.024668126415149365,0.30366004999999996,0.2675977,0.342079,27.929776659999998,0.4207711684191107,27.960542349999997,26.7215508,28.56141
TSFresh-Efficient-25FFT,TSFresh,0.977,0.011630269037934465,0.9775,0.95,1.0,23.271873975,0.9974566575049778,23.03848765,21.9874241,26.9187649,4.76660743,0.10576134814597836,4.77034715,4.5326126,5.0205927,0.322738305,0.06636958745706123,0.30766545,0.27409,0.5895158,28.36122298,1.1218517422609402,28.1017279,26.8201442,32.5288767
TSFresh-Efficient-50FFT,TSFresh,0.9792500000000001,0.01042201617023462,0.98,0.96,1.0,23.46558402,0.8739327487765269,23.280713149999997,22.4394223,26.8156433,4.79234554,0.09845643045093831,4.79414005,4.6359101,4.9903136,0.33937933,0.05350462859680657,0.33321524999999996,0.2785469,0.5233674,28.597311465,0.9812363254979832,28.4337792,27.3817443,32.3293275
TSFresh-Efficient-75FFT,TSFresh,0.97775,0.008503095411610283,0.9775,0.96,0.995,23.6185415,1.3313865741061108,23.294139899999998,22.6713718,29.0266223,4.81378718,0.1842395818719932,4.7998055,4.4447856,5.3676334,0.334388745,0.04675500439655152,0.32664325,0.2519055,0.4553959,28.76671981,1.4990955769164103,28.44016835,27.6633469,34.8496549
TSFresh-Minimal,TSFresh,0.954,0.008207826816681217,0.955,0.935,0.97,9.253857325,0.2562952673928503,9.3087914,8.4424441,9.5591062,4.5283752900000005,0.20844785920333805,4.53510655,3.9618213,4.9916486,0.150388645,0.013121777618202221,0.15019685,0.1351116,0.1798318,13.93262387,0.40600340451197436,14.088593,12.5747377,14.3273882
