Dataset,Task,Seed,Extractor,Selector,Model,is_cached,fallback_triggered,Extraction Time (s),Extraction Peak RAM (MB),Extraction Peak RAM Increase (MB),Extraction Avg CPU (%),Extraction Peak CPU (%),Extraction Peak GPU (%),Extraction Peak GPU RAM (MB),Selection Time (s),fit_time_seconds,inference_latency_ms,Fit Time (s),Inference Latency (ms),Prediction Time (s),N Extracted Features,N Selected Features,Feature Reduction (%),Selection Stability (Jaccard),Total Time (s),RMSE,MAE,R2,Tau RMSE,Tau MAE,Tau R2
drift-bifurcation-reg-1k,regression,42,numba_efficient,None,random_forest,False,False,1.6244,439.3438,116.0938,95.83,144.9,0.0,0.0,0.0,1.9823,0.0824,1.9823,0.0824,0.0165,441,441.0,0.0,1.0,11.6182,0.2177,0.1827,0.1851,0.2178,0.1827,0.1955
drift-bifurcation-reg-1k,regression,42,numba_efficient,None,ridge,False,False,1.6244,439.3438,116.0938,95.83,144.9,0.0,0.0,0.0,0.0083,0.0092,0.0083,0.0092,0.0018,441,441.0,0.0,1.0,1.675,0.2752,0.2236,-0.3023,0.2752,0.2236,-0.2852
drift-bifurcation-reg-1k,regression,42,numba_efficient,variance_threshold,random_forest,False,False,1.6244,439.3438,116.0938,95.83,144.9,0.0,0.0,0.0149,1.8929,0.08,1.8929,0.08,0.016,441,425.0,3.63,1.0,11.2431,0.2176,0.1826,0.1859,0.2177,0.1826,0.1963
drift-bifurcation-reg-1k,regression,42,numba_efficient,variance_threshold,ridge,False,False,1.6244,439.3438,116.0938,95.83,144.9,0.0,0.0,0.0152,0.0083,0.0095,0.0083,0.0095,0.0019,441,425.0,3.63,1.0,1.751,0.2752,0.2236,-0.3023,0.2752,0.2236,-0.2852
drift-bifurcation-reg-1k,regression,42,numba_efficient,select_k_best,random_forest,False,False,1.6244,439.3438,116.0938,95.83,144.9,0.0,0.0,0.014,0.115,0.0821,0.115,0.0821,0.0164,441,15.0,96.6,1.0,2.3516,0.2252,0.1867,0.1281,0.2253,0.1867,0.1389
drift-bifurcation-reg-1k,regression,42,numba_efficient,select_k_best,ridge,False,False,1.6244,439.3438,116.0938,95.83,144.9,0.0,0.0,0.0142,0.0019,0.0026,0.0019,0.0026,0.0005,441,15.0,96.6,1.0,1.7075,0.2133,0.1769,0.2178,0.2134,0.1769,0.2275
drift-bifurcation-reg-1k,regression,42,numba_efficient,l1,random_forest,False,False,1.6244,439.3438,116.0938,95.83,144.9,0.0,0.0,0.0158,0.061,0.0685,0.061,0.0685,0.0137,441,2.2,99.5,0.6333,2.077,0.239,0.2014,0.0161,0.2391,0.2014,0.0304
drift-bifurcation-reg-1k,regression,42,numba_efficient,l1,ridge,False,False,1.6244,439.3438,116.0938,95.83,144.9,0.0,0.0,0.015,0.0016,0.0025,0.0016,0.0025,0.0005,441,2.2,99.5,0.6333,1.7098,0.2151,0.179,0.2047,0.2152,0.179,0.2146
drift-bifurcation-reg-1k,regression,42,numba_efficient,tree_importance,random_forest,False,False,1.6244,439.3438,116.0938,95.83,144.9,0.0,0.0,0.4863,1.0506,0.0717,1.0506,0.0717,0.0143,441,221.0,49.89,0.5483,9.3806,0.2164,0.1811,0.1952,0.2164,0.1811,0.2055
drift-bifurcation-reg-1k,regression,42,numba_efficient,tree_importance,ridge,False,False,1.6244,439.3438,116.0938,95.83,144.9,0.0,0.0,0.4742,0.0044,0.0058,0.0044,0.0058,0.0012,441,221.0,49.89,0.5483,4.0229,0.2444,0.1992,-0.0268,0.2445,0.1992,-0.0142
drift-bifurcation-reg-1k,regression,42,numba_efficient,subsampled,random_forest,False,True,1.6244,439.3438,116.0938,95.83,144.9,0.0,0.0,3.2151,0.5196,0.072,0.5196,0.072,0.0144,441,23.8,94.6,0.1012,20.3701,0.2218,0.1853,0.154,0.2219,0.1853,0.165
drift-bifurcation-reg-1k,regression,42,numba_efficient,subsampled,ridge,False,True,1.6244,439.3438,116.0938,95.83,144.9,0.0,0.0,3.0269,0.0041,0.0046,0.0041,0.0046,0.0009,441,23.8,94.6,0.1012,16.7842,0.2287,0.1888,0.0856,0.2304,0.1888,0.0993
drift-bifurcation-reg-1k,regression,42,polars_statistics,None,random_forest,False,False,0.0243,601.3438,33.1406,443.5,443.5,0.0,0.0,0.0,0.1042,0.071,0.1042,0.071,0.0142,15,15.0,0.0,1.0,0.6164,0.228,0.19,0.1059,0.2281,0.19,0.1174
drift-bifurcation-reg-1k,regression,42,polars_statistics,None,ridge,False,False,0.0243,601.3438,33.1406,443.5,443.5,0.0,0.0,0.0,0.0015,0.0027,0.0015,0.0027,0.0005,15,15.0,0.0,1.0,0.0344,0.2193,0.1835,0.173,0.2195,0.1835,0.1829
drift-bifurcation-reg-1k,regression,42,polars_statistics,variance_threshold,random_forest,False,False,0.0243,601.3438,33.1406,443.5,443.5,0.0,0.0,0.0125,0.1061,0.0666,0.1061,0.0666,0.0133,15,14.0,6.67,1.0,0.6839,0.228,0.1903,0.1057,0.2281,0.1903,0.1172
drift-bifurcation-reg-1k,regression,42,polars_statistics,variance_threshold,ridge,False,False,0.0243,601.3438,33.1406,443.5,443.5,0.0,0.0,0.0118,0.0018,0.0025,0.0018,0.0025,0.0005,15,14.0,6.67,1.0,0.0948,0.2193,0.1835,0.173,0.2195,0.1835,0.1829
drift-bifurcation-reg-1k,regression,42,polars_statistics,select_k_best,random_forest,False,False,0.0243,601.3438,33.1406,443.5,443.5,0.0,0.0,0.0114,0.1045,0.0703,0.1045,0.0703,0.0141,15,15.0,0.0,1.0,0.6739,0.228,0.19,0.1059,0.2281,0.19,0.1174
drift-bifurcation-reg-1k,regression,42,polars_statistics,select_k_best,ridge,False,False,0.0243,601.3438,33.1406,443.5,443.5,0.0,0.0,0.0115,0.0018,0.0026,0.0018,0.0026,0.0005,15,15.0,0.0,1.0,0.0937,0.2193,0.1835,0.173,0.2195,0.1835,0.1829
drift-bifurcation-reg-1k,regression,42,polars_statistics,l1,random_forest,False,False,0.0243,601.3438,33.1406,443.5,443.5,0.0,0.0,0.0127,0.0621,0.0706,0.0621,0.0706,0.0141,15,2.8,81.33,0.8667,0.4687,0.234,0.1947,0.0575,0.2341,0.1947,0.07
drift-bifurcation-reg-1k,regression,42,polars_statistics,l1,ridge,False,False,0.0243,601.3438,33.1406,443.5,443.5,0.0,0.0,0.0128,0.0017,0.0023,0.0017,0.0023,0.0005,15,2.8,81.33,0.8667,0.0988,0.2203,0.1845,0.1651,0.2205,0.1845,0.1753
drift-bifurcation-reg-1k,regression,42,polars_statistics,tree_importance,random_forest,False,False,0.0243,601.3438,33.1406,443.5,443.5,0.0,0.0,0.0786,0.0805,0.0702,0.0805,0.0702,0.014,15,8.0,46.67,0.7244,0.89,0.2266,0.1895,0.117,0.2267,0.1895,0.1282
drift-bifurcation-reg-1k,regression,42,polars_statistics,tree_importance,ridge,False,False,0.0243,601.3438,33.1406,443.5,443.5,0.0,0.0,0.078,0.0017,0.0024,0.0017,0.0024,0.0005,15,8.0,46.67,0.7244,0.4249,0.2187,0.1833,0.1773,0.2189,0.1833,0.1872
drift-bifurcation-reg-1k,regression,42,polars_statistics,subsampled,random_forest,False,False,0.0243,601.3438,33.1406,443.5,443.5,0.0,0.0,3.0144,0.0715,0.0718,0.0715,0.0718,0.0144,15,5.0,66.67,0.5725,15.5255,0.2311,0.1923,0.0817,0.2312,0.1923,0.093
drift-bifurcation-reg-1k,regression,42,polars_statistics,subsampled,ridge,False,False,0.0243,601.3438,33.1406,443.5,443.5,0.0,0.0,2.9873,0.0023,0.0027,0.0023,0.0027,0.0005,15,5.0,66.67,0.5725,14.9752,0.2187,0.1832,0.1769,0.2189,0.1832,0.187
drift-bifurcation-reg-1k,regression,42,numpy_statistical,None,random_forest,False,False,0.0188,645.1875,42.3281,238.0,238.0,0.0,0.0,0.0,0.1142,0.0686,0.1142,0.0686,0.0137,15,15.0,0.0,1.0,0.6583,0.228,0.19,0.1059,0.2281,0.19,0.1174
drift-bifurcation-reg-1k,regression,42,numpy_statistical,None,ridge,False,False,0.0188,645.1875,42.3281,238.0,238.0,0.0,0.0,0.0,0.0016,0.0027,0.0016,0.0027,0.0005,15,15.0,0.0,1.0,0.0293,0.2193,0.1835,0.173,0.2195,0.1835,0.1829
drift-bifurcation-reg-1k,regression,42,numpy_statistical,variance_threshold,random_forest,False,False,0.0188,645.1875,42.3281,238.0,238.0,0.0,0.0,0.0129,0.1003,0.0687,0.1003,0.0687,0.0137,15,14.0,6.67,1.0,0.6538,0.228,0.1903,0.1057,0.2281,0.1903,0.1172
drift-bifurcation-reg-1k,regression,42,numpy_statistical,variance_threshold,ridge,False,False,0.0188,645.1875,42.3281,238.0,238.0,0.0,0.0,0.0124,0.0018,0.0025,0.0018,0.0025,0.0005,15,14.0,6.67,1.0,0.0922,0.2193,0.1835,0.173,0.2195,0.1835,0.1829
drift-bifurcation-reg-1k,regression,42,numpy_statistical,select_k_best,random_forest,False,False,0.0188,645.1875,42.3281,238.0,238.0,0.0,0.0,0.0121,0.1049,0.0684,0.1049,0.0684,0.0137,15,15.0,0.0,1.0,0.672,0.228,0.19,0.1059,0.2281,0.19,0.1174
drift-bifurcation-reg-1k,regression,42,numpy_statistical,select_k_best,ridge,False,False,0.0188,645.1875,42.3281,238.0,238.0,0.0,0.0,0.0114,0.0018,0.0024,0.0018,0.0024,0.0005,15,15.0,0.0,1.0,0.087,0.2193,0.1835,0.173,0.2195,0.1835,0.1829
drift-bifurcation-reg-1k,regression,42,numpy_statistical,l1,random_forest,False,False,0.0188,645.1875,42.3281,238.0,238.0,0.0,0.0,0.0129,0.0631,0.0689,0.0631,0.0689,0.0138,15,2.8,81.33,0.8667,0.4679,0.234,0.1947,0.0575,0.2341,0.1947,0.07
drift-bifurcation-reg-1k,regression,42,numpy_statistical,l1,ridge,False,False,0.0188,645.1875,42.3281,238.0,238.0,0.0,0.0,0.0126,0.0016,0.0025,0.0016,0.0025,0.0005,15,2.8,81.33,0.8667,0.0923,0.2203,0.1845,0.1651,0.2205,0.1845,0.1753
drift-bifurcation-reg-1k,regression,42,numpy_statistical,tree_importance,random_forest,False,False,0.0188,645.1875,42.3281,238.0,238.0,0.0,0.0,0.0816,0.0775,0.0713,0.0775,0.0713,0.0143,15,8.0,46.67,0.7244,0.8859,0.2266,0.1895,0.117,0.2267,0.1895,0.1282
drift-bifurcation-reg-1k,regression,42,numpy_statistical,tree_importance,ridge,False,False,0.0188,645.1875,42.3281,238.0,238.0,0.0,0.0,0.0737,0.0018,0.0025,0.0018,0.0025,0.0005,15,8.0,46.67,0.7244,0.3987,0.2187,0.1833,0.1773,0.2189,0.1833,0.1872
drift-bifurcation-reg-1k,regression,42,numpy_statistical,subsampled,random_forest,False,False,0.0188,645.1875,42.3281,238.0,238.0,0.0,0.0,3.1511,0.08,0.0673,0.08,0.0673,0.0135,15,5.0,66.67,0.5725,16.2416,0.2311,0.1923,0.0816,0.2312,0.1923,0.093
drift-bifurcation-reg-1k,regression,42,numpy_statistical,subsampled,ridge,False,False,0.0188,645.1875,42.3281,238.0,238.0,0.0,0.0,3.0164,0.0026,0.003,0.0026,0.003,0.0006,15,5.0,66.67,0.5725,15.1167,0.2187,0.1832,0.1769,0.2189,0.1832,0.187
drift-bifurcation-reg-1k,regression,42,tsfresh_minimal,None,random_forest,False,False,3.3574,1837.1875,1261.1406,23.69,102.0,0.0,0.0,0.0,0.1496,0.069,0.1496,0.069,0.0138,30,30.0,0.0,1.0,4.1743,0.2281,0.1906,0.1047,0.2283,0.1906,0.1162
drift-bifurcation-reg-1k,regression,42,tsfresh_minimal,None,ridge,False,False,3.3574,1837.1875,1261.1406,23.69,102.0,0.0,0.0,0.0,0.0019,0.0028,0.0019,0.0028,0.0006,30,30.0,0.0,1.0,3.3698,0.2207,0.1846,0.1623,0.2209,0.1846,0.1723
drift-bifurcation-reg-1k,regression,42,tsfresh_minimal,variance_threshold,random_forest,False,False,3.3574,1837.1875,1261.1406,23.69,102.0,0.0,0.0,0.013,0.1601,0.0691,0.1601,0.0691,0.0138,30,26.0,13.33,1.0,4.2919,0.2283,0.191,0.1037,0.2284,0.191,0.115
drift-bifurcation-reg-1k,regression,42,tsfresh_minimal,variance_threshold,ridge,False,False,3.3574,1837.1875,1261.1406,23.69,102.0,0.0,0.0,0.013,0.0021,0.0029,0.0021,0.0029,0.0006,30,26.0,13.33,1.0,3.4358,0.2207,0.1846,0.1623,0.2209,0.1846,0.1723
drift-bifurcation-reg-1k,regression,42,tsfresh_minimal,select_k_best,random_forest,False,False,3.3574,1837.1875,1261.1406,23.69,102.0,0.0,0.0,0.0131,0.1069,0.0682,0.1069,0.0682,0.0136,30,15.0,50.0,0.925,4.0254,0.2271,0.1901,0.1124,0.2272,0.1901,0.124
drift-bifurcation-reg-1k,regression,42,tsfresh_minimal,select_k_best,ridge,False,False,3.3574,1837.1875,1261.1406,23.69,102.0,0.0,0.0,0.013,0.0018,0.0028,0.0018,0.0028,0.0006,30,15.0,50.0,0.925,3.4341,0.2196,0.1843,0.1706,0.2198,0.1843,0.1806
drift-bifurcation-reg-1k,regression,42,tsfresh_minimal,l1,random_forest,False,False,3.3574,1837.1875,1261.1406,23.69,102.0,0.0,0.0,0.0132,0.0616,0.0666,0.0616,0.0666,0.0133,30,2.0,93.33,1.0,3.7979,0.2541,0.2069,-0.1099,0.2542,0.2069,-0.0961
drift-bifurcation-reg-1k,regression,42,tsfresh_minimal,l1,ridge,False,False,3.3574,1837.1875,1261.1406,23.69,102.0,0.0,0.0,0.0127,0.0016,0.0024,0.0016,0.0024,0.0005,30,2.0,93.33,1.0,3.4314,0.2195,0.1842,0.1711,0.2197,0.1842,0.181
drift-bifurcation-reg-1k,regression,42,tsfresh_minimal,tree_importance,random_forest,False,False,3.3574,1837.1875,1261.1406,23.69,102.0,0.0,0.0,0.0893,0.1067,0.068,0.1067,0.068,0.0136,30,15.0,50.0,0.6894,4.4054,0.2286,0.1917,0.1014,0.2287,0.1917,0.1128
drift-bifurcation-reg-1k,regression,42,tsfresh_minimal,tree_importance,ridge,False,False,3.3574,1837.1875,1261.1406,23.69,102.0,0.0,0.0,0.0822,0.0019,0.003,0.0019,0.003,0.0006,30,15.0,50.0,0.6894,3.7811,0.2196,0.1847,0.1704,0.2198,0.1847,0.1805
drift-bifurcation-reg-1k,regression,42,tsfresh_minimal,subsampled,random_forest,False,False,3.3574,1837.1875,1261.1406,23.69,102.0,0.0,0.0,3.0618,0.0868,0.0654,0.0868,0.0654,0.0131,30,9.8,67.33,0.5546,19.1658,0.2304,0.1918,0.0874,0.2305,0.1918,0.0989
drift-bifurcation-reg-1k,regression,42,tsfresh_minimal,subsampled,ridge,False,False,3.3574,1837.1875,1261.1406,23.69,102.0,0.0,0.0,3.0409,0.0025,0.003,0.0025,0.003,0.0006,30,9.8,67.33,0.5546,18.5775,0.2197,0.1847,0.1698,0.2199,0.1847,0.1799
drift-bifurcation-reg-1k,regression,101,numba_efficient,None,random_forest,True,False,,,,,,,,0.0,1.9178,0.0748,1.9178,0.0748,0.015,441,441.0,0.0,1.0,,0.2182,0.1836,0.189,0.2182,0.1836,0.192
drift-bifurcation-reg-1k,regression,101,numba_efficient,None,ridge,True,False,,,,,,,,0.0,0.0083,0.0094,0.0083,0.0094,0.0019,441,441.0,0.0,1.0,,0.2807,0.2258,-0.3421,0.2808,0.2258,-0.338
drift-bifurcation-reg-1k,regression,101,numba_efficient,variance_threshold,random_forest,True,False,,,,,,,,0.015,1.8813,0.0746,1.8813,0.0746,0.0149,441,425.0,3.63,1.0,,0.218,0.1834,0.1903,0.2181,0.1834,0.1931
drift-bifurcation-reg-1k,regression,101,numba_efficient,variance_threshold,ridge,True,False,,,,,,,,0.0151,0.0083,0.0097,0.0083,0.0097,0.0019,441,425.0,3.63,1.0,,0.2807,0.2258,-0.3421,0.2808,0.2258,-0.338
drift-bifurcation-reg-1k,regression,101,numba_efficient,select_k_best,random_forest,True,False,,,,,,,,0.0144,0.1086,0.0691,0.1086,0.0691,0.0138,441,15.0,96.6,1.0,,0.2258,0.1874,0.1318,0.2258,0.1874,0.1349
drift-bifurcation-reg-1k,regression,101,numba_efficient,select_k_best,ridge,True,False,,,,,,,,0.0147,0.0017,0.0025,0.0017,0.0025,0.0005,441,15.0,96.6,1.0,,0.2136,0.1775,0.2231,0.2136,0.1775,0.226
drift-bifurcation-reg-1k,regression,101,numba_efficient,l1,random_forest,True,False,,,,,,,,0.0167,0.0635,0.0706,0.0635,0.0706,0.0141,441,2.6,99.41,0.8,,0.2361,0.1946,0.0525,0.2362,0.1946,0.0536
drift-bifurcation-reg-1k,regression,101,numba_efficient,l1,ridge,True,False,,,,,,,,0.0157,0.0016,0.0027,0.0016,0.0027,0.0005,441,2.6,99.41,0.8,,0.2141,0.1779,0.2201,0.2141,0.1779,0.2224
drift-bifurcation-reg-1k,regression,101,numba_efficient,tree_importance,random_forest,True,False,,,,,,,,0.4532,0.9922,0.0695,0.9922,0.0695,0.0139,441,221.0,49.89,0.5648,,0.2178,0.1832,0.1922,0.2178,0.1832,0.1951
drift-bifurcation-reg-1k,regression,101,numba_efficient,tree_importance,ridge,True,False,,,,,,,,0.4506,0.0045,0.006,0.0045,0.006,0.0012,441,221.0,49.89,0.5648,,0.2548,0.2073,-0.1036,0.2549,0.2073,-0.1023
drift-bifurcation-reg-1k,regression,101,numba_efficient,subsampled,random_forest,True,True,,,,,,,,3.2102,0.5687,0.0687,0.5687,0.0687,0.0137,441,32.8,92.56,0.1754,,0.2174,0.1814,0.1949,0.2174,0.1814,0.1984
drift-bifurcation-reg-1k,regression,101,numba_efficient,subsampled,ridge,True,True,,,,,,,,3.0551,0.0044,0.0047,0.0044,0.0047,0.0009,441,32.8,92.56,0.1754,,0.2324,0.1912,0.0713,0.2343,0.1912,0.0691
drift-bifurcation-reg-1k,regression,101,polars_statistics,None,random_forest,True,False,,,,,,,,0.0,0.1037,0.0686,0.1037,0.0686,0.0137,15,15.0,0.0,1.0,,0.2298,0.1911,0.1021,0.2299,0.1911,0.103
drift-bifurcation-reg-1k,regression,101,polars_statistics,None,ridge,True,False,,,,,,,,0.0,0.0015,0.0024,0.0015,0.0024,0.0005,15,15.0,0.0,1.0,,0.2211,0.1849,0.168,0.2212,0.1849,0.1701
drift-bifurcation-reg-1k,regression,101,polars_statistics,variance_threshold,random_forest,True,False,,,,,,,,0.0134,0.1082,0.0798,0.1082,0.0798,0.016,15,14.0,6.67,1.0,,0.2293,0.1906,0.106,0.2294,0.1906,0.1073
drift-bifurcation-reg-1k,regression,101,polars_statistics,variance_threshold,ridge,True,False,,,,,,,,0.0144,0.0018,0.0026,0.0018,0.0026,0.0005,15,14.0,6.67,1.0,,0.2211,0.1849,0.168,0.2212,0.1849,0.1701
drift-bifurcation-reg-1k,regression,101,polars_statistics,select_k_best,random_forest,True,False,,,,,,,,0.0134,0.1074,0.0706,0.1074,0.0706,0.0141,15,15.0,0.0,1.0,,0.2298,0.1911,0.1021,0.2299,0.1911,0.103
drift-bifurcation-reg-1k,regression,101,polars_statistics,select_k_best,ridge,True,False,,,,,,,,0.0127,0.0018,0.0024,0.0018,0.0024,0.0005,15,15.0,0.0,1.0,,0.2211,0.1849,0.168,0.2212,0.1849,0.1701
drift-bifurcation-reg-1k,regression,101,polars_statistics,l1,random_forest,True,False,,,,,,,,0.0136,0.0626,0.0711,0.0626,0.0711,0.0142,15,2.6,82.67,0.7333,,0.2298,0.1902,0.1013,0.2298,0.1902,0.1043
drift-bifurcation-reg-1k,regression,101,polars_statistics,l1,ridge,True,False,,,,,,,,0.0136,0.0017,0.0024,0.0017,0.0024,0.0005,15,2.6,82.67,0.7333,,0.2205,0.1849,0.173,0.2206,0.1849,0.1746
drift-bifurcation-reg-1k,regression,101,polars_statistics,tree_importance,random_forest,True,False,,,,,,,,0.0768,0.0768,0.0665,0.0768,0.0665,0.0133,15,8.0,46.67,0.7289,,0.2291,0.1913,0.1073,0.2291,0.1913,0.1093
drift-bifurcation-reg-1k,regression,101,polars_statistics,tree_importance,ridge,True,False,,,,,,,,0.0822,0.0018,0.0025,0.0018,0.0025,0.0005,15,8.0,46.67,0.7289,,0.2198,0.1842,0.178,0.2198,0.1842,0.1802
drift-bifurcation-reg-1k,regression,101,polars_statistics,subsampled,random_forest,True,True,,,,,,,,3.292,0.0829,0.0693,0.0829,0.0693,0.0139,15,4.6,69.33,0.3958,,0.2311,0.1922,0.0899,0.2312,0.1922,0.0934
drift-bifurcation-reg-1k,regression,101,polars_statistics,subsampled,ridge,True,True,,,,,,,,3.0251,0.0023,0.0026,0.0023,0.0026,0.0005,15,4.6,69.33,0.3958,,0.2195,0.184,0.1804,0.2195,0.184,0.1824
drift-bifurcation-reg-1k,regression,101,numpy_statistical,None,random_forest,True,False,,,,,,,,0.0,0.1125,0.0665,0.1125,0.0665,0.0133,15,15.0,0.0,1.0,,0.2298,0.1911,0.1021,0.2299,0.1911,0.103
drift-bifurcation-reg-1k,regression,101,numpy_statistical,None,ridge,True,False,,,,,,,,0.0,0.0015,0.0025,0.0015,0.0025,0.0005,15,15.0,0.0,1.0,,0.2211,0.1849,0.168,0.2212,0.1849,0.1701
drift-bifurcation-reg-1k,regression,101,numpy_statistical,variance_threshold,random_forest,True,False,,,,,,,,0.0123,0.1084,0.0673,0.1084,0.0673,0.0135,15,14.0,6.67,1.0,,0.2293,0.1906,0.106,0.2294,0.1906,0.1073
drift-bifurcation-reg-1k,regression,101,numpy_statistical,variance_threshold,ridge,True,False,,,,,,,,0.0128,0.0019,0.0028,0.0019,0.0028,0.0006,15,14.0,6.67,1.0,,0.2211,0.1849,0.168,0.2212,0.1849,0.1701
drift-bifurcation-reg-1k,regression,101,numpy_statistical,select_k_best,random_forest,True,False,,,,,,,,0.0128,0.1084,0.066,0.1084,0.066,0.0132,15,15.0,0.0,1.0,,0.2298,0.1911,0.1021,0.2299,0.1911,0.103
drift-bifurcation-reg-1k,regression,101,numpy_statistical,select_k_best,ridge,True,False,,,,,,,,0.0124,0.0019,0.0027,0.0019,0.0027,0.0005,15,15.0,0.0,1.0,,0.2211,0.1849,0.168,0.2212,0.1849,0.1701
drift-bifurcation-reg-1k,regression,101,numpy_statistical,l1,random_forest,True,False,,,,,,,,0.0126,0.0627,0.0701,0.0627,0.0701,0.014,15,2.6,82.67,0.7333,,0.2298,0.1902,0.1013,0.2298,0.1902,0.1043
drift-bifurcation-reg-1k,regression,101,numpy_statistical,l1,ridge,True,False,,,,,,,,0.013,0.0018,0.0031,0.0018,0.0031,0.0006,15,2.6,82.67,0.7333,,0.2205,0.1849,0.173,0.2206,0.1849,0.1746
drift-bifurcation-reg-1k,regression,101,numpy_statistical,tree_importance,random_forest,True,False,,,,,,,,0.0768,0.0764,0.0699,0.0764,0.0699,0.014,15,8.0,46.67,0.7289,,0.2291,0.1913,0.1073,0.2291,0.1913,0.1093
drift-bifurcation-reg-1k,regression,101,numpy_statistical,tree_importance,ridge,True,False,,,,,,,,0.0742,0.0017,0.0024,0.0017,0.0024,0.0005,15,8.0,46.67,0.7289,,0.2198,0.1842,0.178,0.2198,0.1842,0.1802
drift-bifurcation-reg-1k,regression,101,numpy_statistical,subsampled,random_forest,True,True,,,,,,,,3.1016,0.0864,0.0683,0.0864,0.0683,0.0137,15,4.6,69.33,0.3958,,0.2311,0.1922,0.0899,0.2312,0.1922,0.0934
drift-bifurcation-reg-1k,regression,101,numpy_statistical,subsampled,ridge,True,True,,,,,,,,3.1339,0.0027,0.0031,0.0027,0.0031,0.0006,15,4.6,69.33,0.3958,,0.2195,0.184,0.1804,0.2195,0.184,0.1824
drift-bifurcation-reg-1k,regression,101,tsfresh_minimal,None,random_forest,True,False,,,,,,,,0.0,0.1559,0.0672,0.1559,0.0672,0.0134,30,30.0,0.0,1.0,,0.2289,0.1907,0.1086,0.229,0.1907,0.1104
drift-bifurcation-reg-1k,regression,101,tsfresh_minimal,None,ridge,True,False,,,,,,,,0.0,0.0017,0.0026,0.0017,0.0026,0.0005,30,30.0,0.0,1.0,,0.2222,0.1863,0.1602,0.2222,0.1863,0.1622
drift-bifurcation-reg-1k,regression,101,tsfresh_minimal,variance_threshold,random_forest,True,False,,,,,,,,0.0124,0.1495,0.0819,0.1495,0.0819,0.0164,30,26.0,13.33,1.0,,0.2286,0.1902,0.1115,0.2286,0.1902,0.1132
drift-bifurcation-reg-1k,regression,101,tsfresh_minimal,variance_threshold,ridge,True,False,,,,,,,,0.0132,0.002,0.0028,0.002,0.0028,0.0006,30,26.0,13.33,1.0,,0.2222,0.1863,0.1602,0.2222,0.1863,0.1622
drift-bifurcation-reg-1k,regression,101,tsfresh_minimal,select_k_best,random_forest,True,False,,,,,,,,0.0123,0.1057,0.0685,0.1057,0.0685,0.0137,30,15.0,50.0,1.0,,0.2289,0.1919,0.1078,0.2289,0.1919,0.111
drift-bifurcation-reg-1k,regression,101,tsfresh_minimal,select_k_best,ridge,True,False,,,,,,,,0.0132,0.0019,0.0027,0.0019,0.0027,0.0005,30,15.0,50.0,1.0,,0.2208,0.1855,0.1706,0.2209,0.1855,0.1725
drift-bifurcation-reg-1k,regression,101,tsfresh_minimal,l1,random_forest,True,False,,,,,,,,0.0124,0.0605,0.0685,0.0605,0.0685,0.0137,30,2.0,93.33,1.0,,0.2577,0.2086,-0.1328,0.2578,0.2086,-0.1272
drift-bifurcation-reg-1k,regression,101,tsfresh_minimal,l1,ridge,True,False,,,,,,,,0.0125,0.0016,0.0023,0.0016,0.0023,0.0005,30,2.0,93.33,1.0,,0.2193,0.1839,0.1818,0.2193,0.1839,0.1838
drift-bifurcation-reg-1k,regression,101,tsfresh_minimal,tree_importance,random_forest,True,False,,,,,,,,0.0841,0.1073,0.0676,0.1073,0.0676,0.0135,30,15.0,50.0,0.7255,,0.2284,0.1907,0.1121,0.2285,0.1907,0.1143
drift-bifurcation-reg-1k,regression,101,tsfresh_minimal,tree_importance,ridge,True,False,,,,,,,,0.0881,0.0019,0.0028,0.0019,0.0028,0.0006,30,15.0,50.0,0.7255,,0.221,0.1859,0.1693,0.221,0.1859,0.1713
drift-bifurcation-reg-1k,regression,101,tsfresh_minimal,subsampled,random_forest,True,True,,,,,,,,3.138,0.1013,0.068,0.1013,0.068,0.0136,30,8.0,73.33,0.334,,0.2299,0.1906,0.0993,0.2299,0.1906,0.1034
drift-bifurcation-reg-1k,regression,101,tsfresh_minimal,subsampled,ridge,True,True,,,,,,,,3.0395,0.0026,0.0031,0.0026,0.0031,0.0006,30,8.0,73.33,0.334,,0.2205,0.1854,0.1733,0.2205,0.1854,0.175
drift-bifurcation-reg-1k,regression,777,numba_efficient,None,random_forest,True,False,,,,,,,,0.0,1.9326,0.0722,1.9326,0.0722,0.0144,441,441.0,0.0,1.0,,0.2176,0.1824,0.1932,0.2177,0.1824,0.1959
drift-bifurcation-reg-1k,regression,777,numba_efficient,None,ridge,True,False,,,,,,,,0.0,0.0085,0.0097,0.0085,0.0097,0.0019,441,441.0,0.0,1.0,,0.2842,0.2311,-0.3764,0.2843,0.2311,-0.3708
drift-bifurcation-reg-1k,regression,777,numba_efficient,variance_threshold,random_forest,True,False,,,,,,,,0.0138,1.9108,0.0753,1.9108,0.0753,0.0151,441,425.0,3.63,1.0,,0.2175,0.1825,0.1939,0.2176,0.1825,0.1965
drift-bifurcation-reg-1k,regression,777,numba_efficient,variance_threshold,ridge,True,False,,,,,,,,0.014,0.0081,0.0094,0.0081,0.0094,0.0019,441,425.0,3.63,1.0,,0.2842,0.2311,-0.3764,0.2843,0.2311,-0.3708
drift-bifurcation-reg-1k,regression,777,numba_efficient,select_k_best,random_forest,True,False,,,,,,,,0.0131,0.1098,0.0694,0.1098,0.0694,0.0139,441,15.0,96.6,1.0,,0.2258,0.1874,0.1312,0.2258,0.1874,0.1352
drift-bifurcation-reg-1k,regression,777,numba_efficient,select_k_best,ridge,True,False,,,,,,,,0.0129,0.0018,0.0027,0.0018,0.0027,0.0005,441,15.0,96.6,1.0,,0.2127,0.1769,0.2294,0.2129,0.1769,0.2313
drift-bifurcation-reg-1k,regression,777,numba_efficient,l1,random_forest,True,False,,,,,,,,0.0145,0.061,0.0693,0.061,0.0693,0.0139,441,2.4,99.46,0.8,,0.2337,0.1965,0.0697,0.2338,0.1965,0.0726
drift-bifurcation-reg-1k,regression,777,numba_efficient,l1,ridge,True,False,,,,,,,,0.0138,0.0017,0.0024,0.0017,0.0024,0.0005,441,2.4,99.46,0.8,,0.2139,0.1781,0.2202,0.2141,0.1781,0.2226
drift-bifurcation-reg-1k,regression,777,numba_efficient,tree_importance,random_forest,True,False,,,,,,,,0.4441,1.02,0.0703,1.02,0.0703,0.0141,441,221.0,49.89,0.5699,,0.2171,0.1823,0.1975,0.2172,0.1823,0.1999
drift-bifurcation-reg-1k,regression,777,numba_efficient,tree_importance,ridge,True,False,,,,,,,,0.4629,0.0046,0.0061,0.0046,0.0061,0.0012,441,221.0,49.89,0.5699,,0.2484,0.2056,-0.0518,0.2486,0.2056,-0.0481
drift-bifurcation-reg-1k,regression,777,numba_efficient,subsampled,random_forest,True,True,,,,,,,,3.1205,0.8153,0.0728,0.8153,0.0728,0.0146,441,6.2,98.59,0.0813,,0.2216,0.1846,0.1629,0.2218,0.1846,0.1657
drift-bifurcation-reg-1k,regression,777,numba_efficient,subsampled,ridge,True,True,,,,,,,,3.0287,0.0058,0.0059,0.0058,0.0059,0.0012,441,6.2,98.59,0.0813,,0.2429,0.2012,-0.0232,0.2446,0.2012,-0.015
drift-bifurcation-reg-1k,regression,777,polars_statistics,None,random_forest,True,False,,,,,,,,0.0,0.1005,0.0678,0.1005,0.0678,0.0136,15,15.0,0.0,1.0,,0.2307,0.1932,0.0934,0.2309,0.1932,0.0952
drift-bifurcation-reg-1k,regression,777,polars_statistics,None,ridge,True,False,,,,,,,,0.0,0.0016,0.0024,0.0016,0.0024,0.0005,15,15.0,0.0,1.0,,0.2193,0.1838,0.1811,0.2195,0.1838,0.1829
drift-bifurcation-reg-1k,regression,777,polars_statistics,variance_threshold,random_forest,True,False,,,,,,,,0.0118,0.1033,0.0662,0.1033,0.0662,0.0132,15,14.0,6.67,1.0,,0.2303,0.1928,0.0969,0.2305,0.1928,0.0989
drift-bifurcation-reg-1k,regression,777,polars_statistics,variance_threshold,ridge,True,False,,,,,,,,0.0119,0.0018,0.0025,0.0018,0.0025,0.0005,15,14.0,6.67,1.0,,0.2193,0.1838,0.1811,0.2195,0.1838,0.1829
drift-bifurcation-reg-1k,regression,777,polars_statistics,select_k_best,random_forest,True,False,,,,,,,,0.0116,0.1076,0.0813,0.1076,0.0813,0.0163,15,15.0,0.0,1.0,,0.2307,0.1932,0.0934,0.2309,0.1932,0.0952
drift-bifurcation-reg-1k,regression,777,polars_statistics,select_k_best,ridge,True,False,,,,,,,,0.0122,0.0018,0.0024,0.0018,0.0024,0.0005,15,15.0,0.0,1.0,,0.2193,0.1838,0.1811,0.2195,0.1838,0.1829
drift-bifurcation-reg-1k,regression,777,polars_statistics,l1,random_forest,True,False,,,,,,,,0.012,0.0619,0.0667,0.0619,0.0667,0.0133,15,2.8,81.33,0.8667,,0.2326,0.1928,0.0771,0.2326,0.1928,0.0821
drift-bifurcation-reg-1k,regression,777,polars_statistics,l1,ridge,True,False,,,,,,,,0.012,0.0016,0.0026,0.0016,0.0026,0.0005,15,2.8,81.33,0.8667,,0.2201,0.1844,0.1749,0.2202,0.1844,0.1773
drift-bifurcation-reg-1k,regression,777,polars_statistics,tree_importance,random_forest,True,False,,,,,,,,0.0749,0.0819,0.0687,0.0819,0.0687,0.0137,15,8.0,46.67,0.7422,,0.2295,0.1929,0.1028,0.2296,0.1929,0.1054
drift-bifurcation-reg-1k,regression,777,polars_statistics,tree_importance,ridge,True,False,,,,,,,,0.0766,0.0018,0.0028,0.0018,0.0028,0.0006,15,8.0,46.67,0.7422,,0.2187,0.1834,0.1856,0.2188,0.1834,0.1875
drift-bifurcation-reg-1k,regression,777,polars_statistics,subsampled,random_forest,True,True,,,,,,,,3.1249,0.0894,0.0681,0.0894,0.0681,0.0136,15,1.2,92.0,0.1,,0.2312,0.1927,0.0896,0.2314,0.1927,0.0917
drift-bifurcation-reg-1k,regression,777,polars_statistics,subsampled,ridge,True,True,,,,,,,,2.9659,0.0024,0.0027,0.0024,0.0027,0.0005,15,1.2,92.0,0.1,,0.2199,0.1842,0.1761,0.2201,0.1842,0.1782
drift-bifurcation-reg-1k,regression,777,numpy_statistical,None,random_forest,True,False,,,,,,,,0.0,0.1049,0.0706,0.1049,0.0706,0.0141,15,15.0,0.0,1.0,,0.2307,0.1932,0.0934,0.2309,0.1932,0.0952
drift-bifurcation-reg-1k,regression,777,numpy_statistical,None,ridge,True,False,,,,,,,,0.0,0.0016,0.0028,0.0016,0.0028,0.0006,15,15.0,0.0,1.0,,0.2193,0.1838,0.1811,0.2195,0.1838,0.1829
drift-bifurcation-reg-1k,regression,777,numpy_statistical,variance_threshold,random_forest,True,False,,,,,,,,0.012,0.103,0.0694,0.103,0.0694,0.0139,15,14.0,6.67,1.0,,0.2303,0.1928,0.0969,0.2305,0.1928,0.0989
drift-bifurcation-reg-1k,regression,777,numpy_statistical,variance_threshold,ridge,True,False,,,,,,,,0.0119,0.0018,0.0025,0.0018,0.0025,0.0005,15,14.0,6.67,1.0,,0.2193,0.1838,0.1811,0.2195,0.1838,0.1829
drift-bifurcation-reg-1k,regression,777,numpy_statistical,select_k_best,random_forest,True,False,,,,,,,,0.0113,0.099,0.0684,0.099,0.0684,0.0137,15,15.0,0.0,1.0,,0.2307,0.1932,0.0934,0.2309,0.1932,0.0952
drift-bifurcation-reg-1k,regression,777,numpy_statistical,select_k_best,ridge,True,False,,,,,,,,0.0124,0.0018,0.0026,0.0018,0.0026,0.0005,15,15.0,0.0,1.0,,0.2193,0.1838,0.1811,0.2195,0.1838,0.1829
drift-bifurcation-reg-1k,regression,777,numpy_statistical,l1,random_forest,True,False,,,,,,,,0.0126,0.0608,0.0681,0.0608,0.0681,0.0136,15,2.8,81.33,0.8667,,0.2326,0.1928,0.0772,0.2326,0.1928,0.0822
drift-bifurcation-reg-1k,regression,777,numpy_statistical,l1,ridge,True,False,,,,,,,,0.0129,0.0018,0.0027,0.0018,0.0027,0.0005,15,2.8,81.33,0.8667,,0.2201,0.1844,0.1749,0.2202,0.1844,0.1773
drift-bifurcation-reg-1k,regression,777,numpy_statistical,tree_importance,random_forest,True,False,,,,,,,,0.0738,0.087,0.0708,0.087,0.0708,0.0142,15,8.0,46.67,0.7422,,0.2295,0.1929,0.1028,0.2296,0.1929,0.1054
drift-bifurcation-reg-1k,regression,777,numpy_statistical,tree_importance,ridge,True,False,,,,,,,,0.0842,0.0017,0.0024,0.0017,0.0024,0.0005,15,8.0,46.67,0.7422,,0.2187,0.1834,0.1856,0.2188,0.1834,0.1875
drift-bifurcation-reg-1k,regression,777,numpy_statistical,subsampled,random_forest,True,True,,,,,,,,3.1753,0.0919,0.07,0.0919,0.07,0.014,15,1.2,92.0,0.1,,0.2312,0.1927,0.0896,0.2314,0.1927,0.0917
drift-bifurcation-reg-1k,regression,777,numpy_statistical,subsampled,ridge,True,True,,,,,,,,2.9983,0.0025,0.0025,0.0025,0.0025,0.0005,15,1.2,92.0,0.1,,0.2199,0.1842,0.1761,0.2201,0.1842,0.1782
drift-bifurcation-reg-1k,regression,777,tsfresh_minimal,None,random_forest,True,False,,,,,,,,0.0,0.1572,0.0672,0.1572,0.0672,0.0134,30,30.0,0.0,1.0,,0.2281,0.1914,0.1138,0.2283,0.1914,0.1158
drift-bifurcation-reg-1k,regression,777,tsfresh_minimal,None,ridge,True,False,,,,,,,,0.0,0.0016,0.0025,0.0016,0.0025,0.0005,30,30.0,0.0,1.0,,0.2204,0.1855,0.1729,0.2206,0.1855,0.1747
drift-bifurcation-reg-1k,regression,777,tsfresh_minimal,variance_threshold,random_forest,True,False,,,,,,,,0.013,0.1555,0.0664,0.1555,0.0664,0.0133,30,26.0,13.33,1.0,,0.2281,0.1912,0.1139,0.2283,0.1912,0.1161
drift-bifurcation-reg-1k,regression,777,tsfresh_minimal,variance_threshold,ridge,True,False,,,,,,,,0.0132,0.0019,0.0028,0.0019,0.0028,0.0006,30,26.0,13.33,1.0,,0.2204,0.1855,0.1729,0.2206,0.1855,0.1747
drift-bifurcation-reg-1k,regression,777,tsfresh_minimal,select_k_best,random_forest,True,False,,,,,,,,0.0132,0.1057,0.0681,0.1057,0.0681,0.0136,30,15.0,50.0,0.95,,0.2309,0.1953,0.0912,0.2311,0.1953,0.0942
drift-bifurcation-reg-1k,regression,777,tsfresh_minimal,select_k_best,ridge,True,False,,,,,,,,0.0119,0.0019,0.0029,0.0019,0.0029,0.0006,30,15.0,50.0,0.95,,0.2199,0.1852,0.1766,0.22,0.1852,0.1786
drift-bifurcation-reg-1k,regression,777,tsfresh_minimal,l1,random_forest,True,False,,,,,,,,0.0138,0.0614,0.0698,0.0614,0.0698,0.014,30,2.0,93.33,1.0,,0.2561,0.2077,-0.1202,0.2562,0.2077,-0.1138
drift-bifurcation-reg-1k,regression,777,tsfresh_minimal,l1,ridge,True,False,,,,,,,,0.0137,0.0016,0.0024,0.0016,0.0024,0.0005,30,2.0,93.33,1.0,,0.2193,0.1841,0.1802,0.2195,0.1841,0.1826
drift-bifurcation-reg-1k,regression,777,tsfresh_minimal,tree_importance,random_forest,True,False,,,,,,,,0.0919,0.1007,0.0692,0.1007,0.0692,0.0138,30,15.0,50.0,0.7277,,0.2296,0.1931,0.1021,0.2297,0.1931,0.1047
drift-bifurcation-reg-1k,regression,777,tsfresh_minimal,tree_importance,ridge,True,False,,,,,,,,0.0847,0.0018,0.0027,0.0018,0.0027,0.0005,30,15.0,50.0,0.7277,,0.2193,0.1846,0.1805,0.2195,0.1846,0.1826
drift-bifurcation-reg-1k,regression,777,tsfresh_minimal,subsampled,random_forest,True,True,,,,,,,,3.0889,0.1306,0.0685,0.1306,0.0685,0.0137,30,1.8,94.0,0.08,,0.2316,0.1941,0.0857,0.2317,0.1941,0.0891
drift-bifurcation-reg-1k,regression,777,tsfresh_minimal,subsampled,ridge,True,True,,,,,,,,3.0234,0.0026,0.003,0.0026,0.003,0.0006,30,1.8,94.0,0.08,,0.2197,0.1849,0.1777,0.2199,0.1849,0.1796
